代號,股票名稱,行業類別,比重(%)
0050,元大台灣50,半導體業,61.62
0050,元大台灣50,金融保險,12.93
0050,元大台灣50,電腦及週邊設備業,5.72
0050,元大台灣50,其他電子業,4.76
0050,元大台灣50,電子零組件業,3.29
0050,元大台灣50,其餘行業 - 通信網路業,2.88
0050,元大台灣50,其餘行業 - 塑膠工業,2.05
0050,元大台灣50,其餘行業 - 食品工業,1.01
0050,元大台灣50,其餘行業 - 鋼鐵工業,0.85
0050,元大台灣50,其餘行業 - 其他,0.67
0050,元大台灣50,其餘行業 - 光電業,0.62
0050,元大台灣50,其餘行業 - 水泥工業,0.59
0050,元大台灣50,其餘行業 - 汽車工業,0.56
0050,元大台灣50,其餘行業 - 航運業,0.50
0050,元大台灣50,其餘行業 - 貿易百貨,0.43
0050,元大台灣50,其餘行業 - 電機機械,0.41
0050,元大台灣50,其餘行業 - 其他產業,0.30
0050,元大台灣50,其餘行業 - 油電燃氣業,0.27
0051,元大中型100,半導體業,13.69
0051,元大中型100,電子零組件業,13.27
0051,元大中型100,電腦及週邊設備業,12.60
0051,元大中型100,電機機械,7.04
0051,元大中型100,其他電子業,5.85
0051,元大中型100,其餘行業 - 航運業,5.13
0051,元大中型100,其餘行業 - 光電業,5.02
0051,元大中型100,其餘行業 - 金融保險,4.84
0051,元大中型100,其餘行業 - 電子通路業,4.35
0051,元大中型100,其餘行業 - 紡織纖維,3.99
0051,元大中型100,其餘行業 - 運動休閒,3.78
0051,元大中型100,其餘行業 - 其他產業,3.68
0051,元大中型100,其餘行業 - 其他,2.17
0051,元大中型100,其餘行業 - 汽車工業,1.79
0051,元大中型100,其餘行業 - 食品工業,1.54
0051,元大中型100,其餘行業 - 鋼鐵工業,1.53
0051,元大中型100,其餘行業 - 水泥工業,1.44
0051,元大中型100,其餘行業 - 生技醫療業,1.36
0051,元大中型100,其餘行業 - 電器電纜,1.33
0051,元大中型100,其餘行業 - 建材營造,1.28
0051,元大中型100,其餘行業 - 橡膠工業,1.15
0051,元大中型100,其餘行業 - 化學工業,1.08
0051,元大中型100,其餘行業 - 通信網路業,0.75
0051,元大中型100,其餘行業 - 居家生活,0.64
0051,元大中型100,其餘行業 - 造紙工業,0.54
0051,元大中型100,其餘行業 - 貿易百貨,0.48
0051,元大中型100,其餘行業 - 數位雲端,0.40
0051,元大中型100,其餘行業 - 玻璃陶瓷,0.30
0052,富邦科技,半導體業,75.00
0052,富邦科技,電腦及週邊設備業,9.66
0052,富邦科技,其他電子業,7.04
0052,富邦科技,其他產業,4.31
0052,富邦科技,電子零組件業,4.24
0052,富邦科技,其餘行業 - 光電業,1.92
0052,富邦科技,其餘行業 - 電子通路業,1.04
0052,富邦科技,其餘行業 - 電機機械,0.31
0053,元大電子,半導體業,61.21
0053,元大電子,電腦及週邊設備業,10.46
0053,元大電子,電子零組件業,9.71
0053,元大電子,其他電子業,6.38
0053,元大電子,通信網路業,4.91
0053,元大電子,其餘行業 - 光電業,2.50
0053,元大電子,其餘行業 - 電子通路業,1.31
0053,元大電子,其餘行業 - 其他產業,1.15
0053,元大電子,其餘行業 - 資訊服務業,0.23
0055,元大MSCI金融,金融保險,94.16
0055,元大MSCI金融,其他,5.25
0055,元大MSCI金融,其他產業,0.21
0056,元大高股息,電腦及週邊設備業,23.22
0056,元大高股息,半導體業,18.50
0056,元大高股息,金融保險,10.67
0056,元大高股息,電子零組件業,8.68
0056,元大高股息,電子通路業,7.17
0056,元大高股息,其餘行業 - 其他電子業,6.51
0056,元大高股息,其餘行業 - 光電業,3.76
0056,元大高股息,其餘行業 - 紡織纖維,3.75
0056,元大高股息,其餘行業 - 水泥工業,2.53
0056,元大高股息,其餘行業 - 建材營造,2.47
0056,元大高股息,其餘行業 - 鋼鐵工業,2.45
0056,元大高股息,其餘行業 - 塑膠工業,2.28
0056,元大高股息,其餘行業 - 橡膠工業,2.22
0056,元大高股息,其餘行業 - 其他產業,2.15
0056,元大高股息,其餘行業 - 電器電纜,1.79
0056,元大高股息,其餘行業 - 通信網路業,1.19
0056,元大高股息,其餘行業 - 貿易百貨,0.99
0056,元大高股息,其餘行業 - 其他,0.94
0057,富邦摩台,半導體業,57.96
0057,富邦摩台,金融保險,11.63
0057,富邦摩台,電腦及週邊設備業,6.73
0057,富邦摩台,其他電子業,5.34
0057,富邦摩台,電子零組件業,2.99
0057,富邦摩台,其餘行業 - 通信網路業,2.52
0057,富邦摩台,其餘行業 - 塑膠工業,1.79
0057,富邦摩台,其餘行業 - 光電業,1.59
0057,富邦摩台,其餘行業 - 航運業,1.30
0057,富邦摩台,其餘行業 - 食品工業,0.90
0057,富邦摩台,其餘行業 - 其他,0.81
0057,富邦摩台,其餘行業 - 水泥工業,0.79
0057,富邦摩台,其餘行業 - 鋼鐵工業,0.72
0057,富邦摩台,其餘行業 - 其他產業,0.67
0057,富邦摩台,其餘行業 - 電子通路業,0.61
0057,富邦摩台,其餘行業 - 汽車工業,0.47
0057,富邦摩台,其餘行業 - 紡織纖維,0.46
0057,富邦摩台,其餘行業 - 運動休閒,0.42
0057,富邦摩台,其餘行業 - 貿易百貨,0.38
0057,富邦摩台,其餘行業 - 電機機械,0.37
0057,富邦摩台,其餘行業 - 電器電纜,0.25
0057,富邦摩台,其餘行業 - 橡膠工業,0.22
0057,富邦摩台,其餘行業 - 油電燃氣業,0.20
0057,富邦摩台,其餘行業 - 生技醫療業,0.18
0057,富邦摩台,其餘行業 - 居家生活,0.15
0061,元大寶滬深,其他產業,2.50
006203,元大MSCI台灣,半導體業,57.97
006203,元大MSCI台灣,金融保險,11.61
006203,元大MSCI台灣,電腦及週邊設備業,6.78
006203,元大MSCI台灣,其他電子業,5.32
006203,元大MSCI台灣,電子零組件業,3.00
006203,元大MSCI台灣,其餘行業 - 通信網路業,2.51
006203,元大MSCI台灣,其餘行業 - 塑膠工業,1.78
006203,元大MSCI台灣,其餘行業 - 光電業,1.63
006203,元大MSCI台灣,其餘行業 - 航運業,1.31
006203,元大MSCI台灣,其餘行業 - 食品工業,0.90
006203,元大MSCI台灣,其餘行業 - 其他,0.81
006203,元大MSCI台灣,其餘行業 - 水泥工業,0.79
006203,元大MSCI台灣,其餘行業 - 鋼鐵工業,0.72
006203,元大MSCI台灣,其餘行業 - 其他產業,0.60
006203,元大MSCI台灣,其餘行業 - 電子通路業,0.60
006203,元大MSCI台灣,其餘行業 - 汽車工業,0.49
006203,元大MSCI台灣,其餘行業 - 紡織纖維,0.44
006203,元大MSCI台灣,其餘行業 - 運動休閒,0.43
006203,元大MSCI台灣,其餘行業 - 貿易百貨,0.40
006203,元大MSCI台灣,其餘行業 - 電機機械,0.39
006203,元大MSCI台灣,其餘行業 - 電器電纜,0.26
006203,元大MSCI台灣,其餘行業 - 橡膠工業,0.23
006203,元大MSCI台灣,其餘行業 - 油電燃氣業,0.20
006203,元大MSCI台灣,其餘行業 - 生技醫療業,0.16
006203,元大MSCI台灣,其餘行業 - 居家生活,0.15
006204,永豐臺灣加權,半導體業,40.70
006204,永豐臺灣加權,金融保險,13.00
006204,永豐臺灣加權,電腦及週邊設備業,7.98
006204,永豐臺灣加權,電子零組件業,6.12
006204,永豐臺灣加權,通信網路業,3.96
006204,永豐臺灣加權,其餘行業 - 航運業,2.42
006204,永豐臺灣加權,其餘行業 - 塑膠工業,2.41
006204,永豐臺灣加權,其餘行業 - 電機機械,1.60
006204,永豐臺灣加權,其餘行業 - 汽車工業,1.52
006204,永豐臺灣加權,其餘行業 - 鋼鐵工業,1.45
006204,永豐臺灣加權,其餘行業 - 油電燃氣業,1.40
006204,永豐臺灣加權,其餘行業 - 其他產業,1.33
006204,永豐臺灣加權,其餘行業 - 食品工業,1.25
006204,永豐臺灣加權,其餘行業 - 電子通路業,1.07
006204,永豐臺灣加權,其餘行業 - 運動休閒,0.95
006204,永豐臺灣加權,其餘行業 - 紡織纖維,0.87
006204,永豐臺灣加權,其餘行業 - 建材營造,0.80
006204,永豐臺灣加權,其餘行業 - 貿易百貨,0.78
006204,永豐臺灣加權,其餘行業 - 水泥工業,0.73
006204,永豐臺灣加權,其餘行業 - 橡膠工業,0.46
006204,永豐臺灣加權,其餘行業 - 電器電纜,0.35
006204,永豐臺灣加權,其餘行業 - 化學工業,0.33
006204,永豐臺灣加權,其餘行業 - 造紙工業,0.22
006204,永豐臺灣加權,其餘行業 - 生技醫療業,0.22
006204,永豐臺灣加權,其餘行業 - 數位雲端,0.20
006204,永豐臺灣加權,其餘行業 - 居家生活,0.20
006204,永豐臺灣加權,其餘行業 - 玻璃陶瓷,0.09
006204,永豐臺灣加權,其餘行業 - 資訊服務業,0.07
006204,永豐臺灣加權,其餘行業 - 觀光餐旅,0.06
006205,富邦上証,大陸有價證券,94.74
006205,富邦上証,其他產業,6.36
006206,元大上證50,大陸有價證券,92.68
006206,元大上證50,其他產業,3.83
006207,復華滬深,大陸有價證券,91.81
006207,復華滬深,其他產業,3.88
006208,富邦台50,半導體業,61.65
006208,富邦台50,金融保險,12.91
006208,富邦台50,電腦及週邊設備業,5.71
006208,富邦台50,其他電子業,5.14
006208,富邦台50,電子零組件業,3.29
006208,富邦台50,其餘行業 - 通信網路業,2.87
006208,富邦台50,其餘行業 - 塑膠工業,2.05
006208,富邦台50,其餘行業 - 食品工業,1.01
006208,富邦台50,其餘行業 - 鋼鐵工業,0.85
006208,富邦台50,其餘行業 - 其他,0.67
006208,富邦台50,其餘行業 - 光電業,0.62
006208,富邦台50,其餘行業 - 水泥工業,0.59
006208,富邦台50,其餘行業 - 汽車工業,0.56
006208,富邦台50,其餘行業 - 航運業,0.50
006208,富邦台50,其餘行業 - 貿易百貨,0.43
006208,富邦台50,其餘行業 - 電機機械,0.41
006208,富邦台50,其餘行業 - 油電燃氣業,0.27
006208,富邦台50,其餘行業 - 其他產業,0.23
00631L,元大台灣50正2,其他產業,15.32
00632R,元大台灣50反1,其他產業,5.52
00633L,富邦上証正2,其他產業,20.94
00634R,富邦上証反1,其他產業,13.60
00636,國泰中國A50,大陸有價證券,97.85
00636,國泰中國A50,其他產業,2.89
00636K,國泰中國A50+U,大陸有價證券,91.17
00637L,元大滬深300正2,其他產業,14.57
00638R,元大滬深300反1,其他產業,24.81
00639,富邦深100,大陸有價證券,95.05
00639,富邦深100,其他產業,2.84
00640L,富邦日本正2,其他產業,40.62
00641R,富邦日本反1,其他產業,17.53
00643,群益深証中小,大陸有價證券,95.39
00643,群益深証中小,其他產業,3.33
00643K,群益深証中小+R,大陸有價證券,97.28
00645,富邦日本,日本,91.96
00645,富邦日本,其他產業,4.21
00646,元大S&P500,北美,96.73
00646,元大S&P500,其他產業,5.96
00647L,元大S&P500正2,其他產業,17.49
00648R,元大S&P500反1,其他產業,20.86
00650L,復華香港正2,其他產業,32.72
00651R,復華香港反1,其他產業,45.67
00652,富邦印度,亞洲不含日本,87.68
00652,富邦印度,其他產業,2.99
00653L,富邦印度正2,其他產業,15.01
00654R,富邦印度反1,其他產業,7.68
00655L,國泰中國A50正2,其他產業,22.27
00656R,國泰中國A50反1,其他產業,31.38
00657,國泰日經225,日本,95.80
00657,國泰日經225,其他產業,2.52
00657K,國泰日經225+U,日本,90.14
00660,元大歐洲50,已開發歐洲,93.54
00660,元大歐洲50,其他產業,3.46
00661,元大日經225,日本,94.05
00661,元大日經225,其他產業,9.88
00662,富邦NASDAQ,北美,98.85
00662,富邦NASDAQ,其他產業,2.00
00663L,國泰臺灣加權正2,其他產業,0.68
00664R,國泰臺灣加權反1,其他產業,52.75
00665L,富邦恒生國企正2,其他產業,21.50
00666R,富邦恒生國企反1,其他產業,17.06
00668,國泰美國道瓊,北美,95.12
00668,國泰美國道瓊,其他產業,1.30
00668K,國泰美國道瓊+U,北美,92.31
00669R,國泰美國道瓊反1,其他產業,16.82
00670L,富邦NASDAQ正2,其他產業,14.04
00671R,富邦NASDAQ反1,其他產業,29.39
00675L,富邦臺灣加權正2,其他產業,10.16
00676R,富邦臺灣加權反1,其他產業,10.98
00678,群益那斯達克生技,北美,89.35
00678,群益那斯達克生技,北美,8.95
00678,群益那斯達克生技,其他產業,1.57
00680L,元大美債20正2,其他產業,6.25
00681R,元大美債20反1,其他產業,70.93
00685L,群益臺灣加權正2,其他產業,1.10
00686R,群益臺灣加權反1,其他產業,1.33
00688L,國泰20年美債正2,其他產業,11.18
00689R,國泰20年美債反1,其他產業,55.04
00690,兆豐藍籌30,半導體業,57.57
00690,兆豐藍籌30,電子零組件業,12.85
00690,兆豐藍籌30,其他產業,11.21
00690,兆豐藍籌30,金融保險,7.24
00690,兆豐藍籌30,通信網路業,6.91
00690,兆豐藍籌30,其餘行業 - 航運業,2.95
00690,兆豐藍籌30,其餘行業 - 其他,2.11
00690,兆豐藍籌30,其餘行業 - 其他電子業,2.05
00690,兆豐藍籌30,其餘行業 - 光電業,1.77
00690,兆豐藍籌30,其餘行業 - 電腦及週邊設備業,1.47
00690,兆豐藍籌30,其餘行業 - 電機機械,1.25
00690,兆豐藍籌30,其餘行業 - 水泥工業,0.95
00690,兆豐藍籌30,其餘行業 - 紡織纖維,0.77
00690,兆豐藍籌30,其餘行業 - 食品工業,0.60
00692,富邦公司治理,半導體業,53.31
00692,富邦公司治理,金融保險,12.91
00692,富邦公司治理,電腦及週邊設備業,6.54
00692,富邦公司治理,其他電子業,5.02
00692,富邦公司治理,通信網路業,3.68
00692,富邦公司治理,其餘行業 - 電子零組件業,3.38
00692,富邦公司治理,其餘行業 - 塑膠工業,2.62
00692,富邦公司治理,其餘行業 - 航運業,2.44
00692,富邦公司治理,其餘行業 - 油電燃氣業,1.47
00692,富邦公司治理,其餘行業 - 鋼鐵工業,1.05
00692,富邦公司治理,其餘行業 - 其他,1.01
00692,富邦公司治理,其餘行業 - 食品工業,0.93
00692,富邦公司治理,其餘行業 - 紡織纖維,0.88
00692,富邦公司治理,其餘行業 - 水泥工業,0.86
00692,富邦公司治理,其餘行業 - 電子通路業,0.79
00692,富邦公司治理,其餘行業 - 電機機械,0.78
00692,富邦公司治理,其餘行業 - 貿易百貨,0.61
00692,富邦公司治理,其餘行業 - 電器電纜,0.32
00692,富邦公司治理,其餘行業 - 運動休閒,0.28
00692,富邦公司治理,其餘行業 - 數位雲端,0.22
00692,富邦公司治理,其餘行業 - 其他產業,0.20
00692,富邦公司治理,其餘行業 - 化學工業,0.19
00692,富邦公司治理,其餘行業 - 建材營造,0.16
00692,富邦公司治理,其餘行業 - 橡膠工業,0.04
00692,富邦公司治理,其餘行業 - 光電業,0.02
00700,富邦恒生國企,亞洲不含日本,88.81
00700,富邦恒生國企,其他產業,7.48
00701,國泰股利精選30,金融保險,63.60
00701,國泰股利精選30,通信網路業,8.51
00701,國泰股利精選30,食品工業,4.94
00701,國泰股利精選30,塑膠工業,4.91
00701,國泰股利精選30,水泥工業,4.43
00701,國泰股利精選30,其餘行業 - 鋼鐵工業,4.12
00701,國泰股利精選30,其餘行業 - 電子通路業,2.09
00701,國泰股利精選30,其餘行業 - 其他電子業,1.78
00701,國泰股利精選30,其餘行業 - 紡織纖維,1.72
00701,國泰股利精選30,其餘行業 - 運動休閒,1.32
00701,國泰股利精選30,其餘行業 - 半導體業,0.88
00701,國泰股利精選30,其餘行業 - 其他產業,0.65
00701,國泰股利精選30,其餘行業 - 其他,0.61
00701,國泰股利精選30,其餘行業 - 電子零組件業,0.14
00702,國泰標普低波高息,北美,94.62
00702,國泰標普低波高息,其他產業,2.69
00703,台新MSCI中國,亞洲不含日本,83.21
00703,台新MSCI中國,北美,9.32
00703,台新MSCI中國,其他產業,7.90
00703,台新MSCI中國,北美,1.10
00703,台新MSCI中國,大陸有價證券,0.65
00709,富邦歐洲,已開發歐洲,95.27
00709,富邦歐洲,其他產業,2.69
00709,富邦歐洲,新興歐洲,0.23
00710B,復華彭博非投等債,其他產業,92.83
00711B,復華彭博新興債,其他產業,37.05
00712,復華富時不動產,北美,98.54
00712,復華富時不動產,其他產業,1.46
00713,元大台灣高息低波,通信網路業,13.81
00713,元大台灣高息低波,其他電子業,10.96
00713,元大台灣高息低波,食品工業,10.41
00713,元大台灣高息低波,電子零組件業,8.72
00713,元大台灣高息低波,半導體業,8.69
00713,元大台灣高息低波,其餘行業 - 電腦及週邊設備業,6.12
00713,元大台灣高息低波,其餘行業 - 貿易百貨,6.05
00713,元大台灣高息低波,其餘行業 - 鋼鐵工業,5.03
00713,元大台灣高息低波,其餘行業 - 光電業,4.59
00713,元大台灣高息低波,其餘行業 - 金融保險,3.97
00713,元大台灣高息低波,其餘行業 - 其他,3.96
00713,元大台灣高息低波,其餘行業 - 化學工業,3.50
00713,元大台灣高息低波,其餘行業 - 運動休閒,2.78
00713,元大台灣高息低波,其餘行業 - 電子通路業,2.54
00713,元大台灣高息低波,其餘行業 - 航運業,1.95
00713,元大台灣高息低波,其餘行業 - 建材營造,1.95
00713,元大台灣高息低波,其餘行業 - 其他產業,1.84
00713,元大台灣高息低波,其餘行業 - 汽車工業,1.00
00713,元大台灣高息低波,其餘行業 - 資訊服務業,0.98
00713,元大台灣高息低波,其餘行業 - 紡織纖維,0.90
00714,群益道瓊美國地產,北美,99.41
00714,群益道瓊美國地產,其他產業,1.22
00717,富邦美國特別股,北美,98.81
00717,富邦美國特別股,其他產業,2.64
00728,第一金工業30,半導體業,63.76
00728,第一金工業30,塑膠工業,7.79
00728,第一金工業30,電子零組件業,7.27
00728,第一金工業30,其他電子業,5.27
00728,第一金工業30,光電業,3.22
00728,第一金工業30,其餘行業 - 電腦及週邊設備業,3.10
00728,第一金工業30,其餘行業 - 紡織纖維,1.95
00728,第一金工業30,其餘行業 - 食品工業,1.55
00728,第一金工業30,其餘行業 - 電機機械,1.47
00728,第一金工業30,其餘行業 - 化學工業,1.10
00728,第一金工業30,其餘行業 - 生技醫療業,0.95
00728,第一金工業30,其餘行業 - 橡膠工業,0.28
00728,第一金工業30,其餘行業 - 其他產業,0.20
00730,富邦臺灣優質高息,半導體業,28.37
00730,富邦臺灣優質高息,電子零組件業,13.72
00730,富邦臺灣優質高息,其他電子業,13.54
00730,富邦臺灣優質高息,文化創意業,10.42
00730,富邦臺灣優質高息,電腦及週邊設備業,8.09
00730,富邦臺灣優質高息,其餘行業 - 紡織纖維,6.62
00730,富邦臺灣優質高息,其餘行業 - 其他產業,4.59
00730,富邦臺灣優質高息,其餘行業 - 運動休閒,3.41
00730,富邦臺灣優質高息,其餘行業 - 數位雲端,2.91
00730,富邦臺灣優質高息,其餘行業 - 化學工業,2.59
00730,富邦臺灣優質高息,其餘行業 - 光電業,2.52
00730,富邦臺灣優質高息,其餘行業 - 鋼鐵工業,2.17
00730,富邦臺灣優質高息,其餘行業 - 資訊服務業,1.85
00730,富邦臺灣優質高息,其餘行業 - 金融保險,1.80
00730,富邦臺灣優質高息,其餘行業 - 航運業,0.95
00731,復華富時高息低波,半導體業,22.20
00731,復華富時高息低波,其他產業,16.95
00731,復華富時高息低波,其他電子業,15.55
00731,復華富時高息低波,電子零組件業,10.45
00731,復華富時高息低波,金融保險,9.36
00731,復華富時高息低波,其餘行業 - 通信網路業,9.30
00731,復華富時高息低波,其餘行業 - 塑膠工業,6.35
00731,復華富時高息低波,其餘行業 - 鋼鐵工業,4.88
00731,復華富時高息低波,其餘行業 - 食品工業,4.21
00731,復華富時高息低波,其餘行業 - 其他,3.20
00731,復華富時高息低波,其餘行業 - 電子通路業,2.82
00731,復華富時高息低波,其餘行業 - 電腦及週邊設備業,2.29
00731,復華富時高息低波,其餘行業 - 貿易百貨,2.17
00731,復華富時高息低波,其餘行業 - 運動休閒,1.87
00731,復華富時高息低波,其餘行業 - 紡織纖維,1.39
00731,復華富時高息低波,其餘行業 - 水泥工業,1.24
00731,復華富時高息低波,其餘行業 - 光電業,1.06
00731,復華富時高息低波,其餘行業 - 化學工業,0.56
00731,復華富時高息低波,其餘行業 - 建材營造,0.25
00733,富邦臺灣中小,電子零組件業,17.76
00733,富邦臺灣中小,電機機械,14.59
00733,富邦臺灣中小,金融保險,14.23
00733,富邦臺灣中小,建材營造,11.56
00733,富邦臺灣中小,其他電子業,11.27
00733,富邦臺灣中小,其餘行業 - 其他產業,8.71
00733,富邦臺灣中小,其餘行業 - 半導體業,8.28
00733,富邦臺灣中小,其餘行業 - 運動休閒,5.41
00733,富邦臺灣中小,其餘行業 - 光電業,3.12
00733,富邦臺灣中小,其餘行業 - 汽車工業,2.83
00733,富邦臺灣中小,其餘行業 - 電腦及週邊設備業,2.40
00733,富邦臺灣中小,其餘行業 - 貿易百貨,2.22
00733,富邦臺灣中小,其餘行業 - 化學工業,1.42
00733,富邦臺灣中小,其餘行業 - 生技醫療業,1.30
00733,富邦臺灣中小,其餘行業 - 塑膠工業,0.58
00733,富邦臺灣中小,其餘行業 - 航運業,0.53
00733,富邦臺灣中小,其餘行業 - 其他,0.48
00733,富邦臺灣中小,其餘行業 - 電器電纜,0.35
00733,富邦臺灣中小,其餘行業 - 紡織纖維,0.30
00733,富邦臺灣中小,其餘行業 - 資訊服務業,0.19
00733,富邦臺灣中小,其餘行業 - 鋼鐵工業,0.18
00735,國泰臺韓科技,半導體業,33.64
00735,國泰臺韓科技,亞洲不含日本,33.31
00735,國泰臺韓科技,電腦及週邊設備業,9.10
00735,國泰臺韓科技,其他電子業,6.85
00735,國泰臺韓科技,其他產業,5.54
00735,國泰臺韓科技,其餘行業 - 電子零組件業,3.58
00735,國泰臺韓科技,其餘行業 - 通信網路業,3.10
00735,國泰臺韓科技,其餘行業 - 光電業,1.41
00735,國泰臺韓科技,其餘行業 - 電子通路業,0.81
00736,國泰新興市場,亞洲不含日本,47.07
00736,國泰新興市場,其他產業,10.55
00736,國泰新興市場,新興拉丁美洲,9.12
00736,國泰新興市場,半導體業,9.09
00736,國泰新興市場,金融保險,4.58
00736,國泰新興市場,其餘行業 - 其它,4.36
00736,國泰新興市場,其餘行業 - 電腦及週邊設備業,2.22
00736,國泰新興市場,其餘行業 - 通信網路業,1.36
00736,國泰新興市場,其餘行業 - 塑膠工業,1.02
00736,國泰新興市場,其餘行業 - 電子零組件業,0.79
00736,國泰新興市場,其餘行業 - 北美,0.66
00736,國泰新興市場,其餘行業 - 其他電子業,0.66
00736,國泰新興市場,其餘行業 - 航運業,0.59
00736,國泰新興市場,其餘行業 - 食品工業,0.45
00736,國泰新興市場,其餘行業 - 汽車工業,0.42
00736,國泰新興市場,其餘行業 - 電子通路業,0.36
00736,國泰新興市場,其餘行業 - 光電業,0.29
00736,國泰新興市場,其餘行業 - 其他,0.29
00736,國泰新興市場,其餘行業 - 貿易百貨,0.18
00736,國泰新興市場,其餘行業 - 運動休閒,0.01
00737,國泰AI+Robo,北美,63.17
00737,國泰AI+Robo,已開發歐洲,15.31
00737,國泰AI+Robo,日本,12.52
00737,國泰AI+Robo,亞洲不含日本,3.11
00737,國泰AI+Robo,其他產業,2.32
00737,國泰AI+Robo,其餘行業 - 電子零組件業,0.81
00739,元大MSCI A股,大陸有價證券,96.73
00739,元大MSCI A股,其他產業,1.51
00752,中信中國50,亞洲不含日本,89.33
00752,中信中國50,北美,8.75
00752,中信中國50,其他產業,1.74
00752,中信中國50,北美,1.16
00753L,中信中國50正2,其他產業,34.61
00757,統一FANG+,北美,95.08
00757,統一FANG+,其他產業,3.92
00762,元大全球AI,北美,85.40
00762,元大全球AI,其他產業,5.77
00762,元大全球AI,亞洲不含日本,2.93
00762,元大全球AI,紐澳,2.68
00762,元大全球AI,半導體業,2.38
00762,元大全球AI,其餘行業 - 日本,0.45
00762,元大全球AI,其餘行業 - 已開發歐洲,0.16
00770,國泰北美科技,北美,98.49
00770,國泰北美科技,其他產業,13.74
00771,元大US高息特別股,北美,96.50
00771,元大US高息特別股,其他產業,3.47
00775B,新光投等債15+,其他產業,97.34
00783,富邦中証500,大陸有價證券,98.40
00783,富邦中証500,其他產業,1.23
00830,國泰費城半導體,北美,99.77
00830,國泰費城半導體,其他產業,4.03
00850,元大臺灣ESG永續,半導體業,45.69
00850,元大臺灣ESG永續,金融保險,16.10
00850,元大臺灣ESG永續,電腦及週邊設備業,9.38
00850,元大臺灣ESG永續,其他電子業,7.20
00850,元大臺灣ESG永續,電子零組件業,4.17
00850,元大臺灣ESG永續,其餘行業 - 通信網路業,3.58
00850,元大臺灣ESG永續,其餘行業 - 塑膠工業,2.55
00850,元大臺灣ESG永續,其餘行業 - 其他產業,2.05
00850,元大臺灣ESG永續,其餘行業 - 航運業,1.78
00850,元大臺灣ESG永續,其餘行業 - 食品工業,1.25
00850,元大臺灣ESG永續,其餘行業 - 水泥工業,1.11
00850,元大臺灣ESG永續,其餘行業 - 其他,0.96
00850,元大臺灣ESG永續,其餘行業 - 電機機械,0.92
00850,元大臺灣ESG永續,其餘行業 - 紡織纖維,0.75
00850,元大臺灣ESG永續,其餘行業 - 運動休閒,0.56
00850,元大臺灣ESG永續,其餘行業 - 貿易百貨,0.53
00850,元大臺灣ESG永續,其餘行業 - 電器電纜,0.34
00850,元大臺灣ESG永續,其餘行業 - 油電燃氣業,0.34
00850,元大臺灣ESG永續,其餘行業 - 橡膠工業,0.30
00850,元大臺灣ESG永續,其餘行業 - 汽車工業,0.29
00850,元大臺灣ESG永續,其餘行業 - 化學工業,0.27
00850,元大臺灣ESG永續,其餘行業 - 居家生活,0.16
00850,元大臺灣ESG永續,其餘行業 - 數位雲端,0.10
00851,台新全球AI,北美,83.19
00851,台新全球AI,已開發歐洲,5.83
00851,台新全球AI,半導體業,5.29
00851,台新全球AI,其他產業,3.36
00851,台新全球AI,北美,1.81
00852L,國泰美國道瓊正2,其他產業,25.12
00861,元大全球未來通訊,北美,62.96
00861,元大全球未來通訊,半導體業,11.26
00861,元大全球未來通訊,亞洲不含日本,8.54
00861,元大全球未來通訊,日本,6.62
00861,元大全球未來通訊,其他產業,6.16
00861,元大全球未來通訊,其餘行業 - 已開發歐洲,4.29
00861,元大全球未來通訊,其餘行業 - 電腦及週邊設備業,0.75
00861,元大全球未來通訊,其餘行業 - 通信網路業,0.51
00861,元大全球未來通訊,其餘行業 - 電子零組件業,0.48
00861,元大全球未來通訊,其餘行業 - 光電業,0.26
00865B,國泰US短期公債,其他產業,0.28
00875,國泰網路資安,北美,76.61
00875,國泰網路資安,已開發歐洲,11.33
00875,國泰網路資安,日本,6.71
00875,國泰網路資安,亞洲不含日本,1.87
00875,國泰網路資安,其他產業,1.40
00876,元大全球5G,北美,33.02
00876,元大全球5G,日本,22.48
00876,元大全球5G,半導體業,14.60
00876,元大全球5G,已開發歐洲,11.83
00876,元大全球5G,大陸有價證券,7.88
00876,元大全球5G,其餘行業 - 其他產業,4.24
00876,元大全球5G,其餘行業 - 電子零組件業,2.01
00876,元大全球5G,其餘行業 - 亞洲不含日本,0.89
00876,元大全球5G,其餘行業 - 電腦及週邊設備業,0.80
00876,元大全球5G,其餘行業 - 光電業,0.52
00876,元大全球5G,其餘行業 - 通信網路業,0.47
00876,元大全球5G,其餘行業 - 其他電子業,0.23
00878,國泰永續高股息,電腦及週邊設備業,29.48
00878,國泰永續高股息,金融保險,22.23
00878,國泰永續高股息,半導體業,16.84
00878,國泰永續高股息,電子通路業,8.39
00878,國泰永續高股息,通信網路業,5.52
00878,國泰永續高股息,其餘行業 - 其他電子業,3.82
00878,國泰永續高股息,其餘行業 - 紡織纖維,2.94
00878,國泰永續高股息,其餘行業 - 其他產業,2.65
00878,國泰永續高股息,其餘行業 - 塑膠工業,2.50
00878,國泰永續高股息,其餘行業 - 食品工業,2.42
00878,國泰永續高股息,其餘行業 - 水泥工業,2.33
00881,國泰台灣5G+,半導體業,54.11
00881,國泰台灣5G+,其他電子業,13.87
00881,國泰台灣5G+,電腦及週邊設備業,12.65
00881,國泰台灣5G+,電子零組件業,10.56
00881,國泰台灣5G+,通信網路業,5.16
00881,國泰台灣5G+,其餘行業 - 光電業,1.60
00881,國泰台灣5G+,其餘行業 - 電子通路業,1.07
00881,國泰台灣5G+,其餘行業 - 其他產業,0.61
00882,中信中國高股息,亞洲不含日本,99.08
00882,中信中國高股息,其他產業,0.83
00885,富邦越南,亞洲不含日本,99.51
00885,富邦越南,其他產業,1.57
00891,中信關鍵半導體,半導體業,93.91
00891,中信關鍵半導體,電子通路業,3.78
00891,中信關鍵半導體,電子零組件業,1.23
00891,中信關鍵半導體,其他產業,0.63
00892,富邦台灣半導體,半導體業,92.27
00892,富邦台灣半導體,電子通路業,2.90
00892,富邦台灣半導體,電機機械,1.27
00892,富邦台灣半導體,通信網路業,1.18
00892,富邦台灣半導體,其他電子業,1.03
00892,富邦台灣半導體,其餘行業 - 電子零組件業,0.63
00892,富邦台灣半導體,其餘行業 - 其他產業,0.61
00893,國泰智能電動車,北美,70.33
00893,國泰智能電動車,已開發歐洲,11.65
00893,國泰智能電動車,亞洲不含日本,7.44
00893,國泰智能電動車,大陸有價證券,4.49
00893,國泰智能電動車,日本,3.36
00893,國泰智能電動車,其餘行業 - 其他產業,2.57
00893,國泰智能電動車,其餘行業 - 電子零組件業,1.51
00894,中信小資高價30,半導體業,57.84
00894,中信小資高價30,電子零組件業,16.18
00894,中信小資高價30,電腦及週邊設備業,6.89
00894,中信小資高價30,電機機械,5.62
00894,中信小資高價30,通信網路業,2.89
00894,中信小資高價30,其餘行業 - 文化創意業,2.50
00894,中信小資高價30,其餘行業 - 光電業,2.49
00894,中信小資高價30,其餘行業 - 其他電子業,2.22
00894,中信小資高價30,其餘行業 - 生技醫療業,1.48
00894,中信小資高價30,其餘行業 - 其他產業,1.17
00895,富邦未來車,北美,65.31
00895,富邦未來車,半導體業,14.51
00895,富邦未來車,日本,10.29
00895,富邦未來車,已開發歐洲,5.36
00895,富邦未來車,亞洲不含日本,3.37
00895,富邦未來車,其餘行業 - 其他產業,1.91
00896,中信綠能及電動車,半導體業,26.33
00896,中信綠能及電動車,電腦及週邊設備業,15.65
00896,中信綠能及電動車,其他電子業,12.55
00896,中信綠能及電動車,電機機械,8.65
00896,中信綠能及電動車,電子零組件業,7.06
00896,中信綠能及電動車,其餘行業 - 塑膠工業,4.96
00896,中信綠能及電動車,其餘行業 - 光電業,4.84
00896,中信綠能及電動車,其餘行業 - 水泥工業,3.96
00896,中信綠能及電動車,其餘行業 - 通信網路業,3.41
00896,中信綠能及電動車,其餘行業 - 鋼鐵工業,3.03
00896,中信綠能及電動車,其餘行業 - 汽車工業,2.49
00896,中信綠能及電動車,其餘行業 - 其他,2.43
00896,中信綠能及電動車,其餘行業 - 電器電纜,1.65
00896,中信綠能及電動車,其餘行業 - 化學工業,1.26
00896,中信綠能及電動車,其餘行業 - 其他產業,1.25
00897,富邦基因免疫生技,北美,75.17
00897,富邦基因免疫生技,已開發歐洲,14.82
00897,富邦基因免疫生技,日本,4.62
00897,富邦基因免疫生技,亞洲不含日本,4.07
00897,富邦基因免疫生技,其他產業,0.82
00898,國泰基因免疫革命,北美,83.56
00898,國泰基因免疫革命,已開發歐洲,12.35
00898,國泰基因免疫革命,亞洲不含日本,3.61
00898,國泰基因免疫革命,其他產業,0.63
00899,FT潔淨能源,北美,41.89
00899,FT潔淨能源,已開發歐洲,32.19
00899,FT潔淨能源,紐澳,9.02
00899,FT潔淨能源,亞洲不含日本,6.18
00899,FT潔淨能源,日本,4.31
00899,FT潔淨能源,其餘行業 - 其它,2.93
00899,FT潔淨能源,其餘行業 - 北美,2.77
00899,FT潔淨能源,其餘行業 - 其他產業,0.39
00900,富邦特選高股息30,半導體業,19.02
00900,富邦特選高股息30,通信網路業,16.01
00900,富邦特選高股息30,金融保險,13.94
00900,富邦特選高股息30,其他電子業,8.54
00900,富邦特選高股息30,航運業,7.57
00900,富邦特選高股息30,其餘行業 - 電腦及週邊設備業,7.52
00900,富邦特選高股息30,其餘行業 - 電子零組件業,6.55
00900,富邦特選高股息30,其餘行業 - 電子通路業,5.26
00900,富邦特選高股息30,其餘行業 - 光電業,5.11
00900,富邦特選高股息30,其餘行業 - 建材營造,3.26
00900,富邦特選高股息30,其餘行業 - 電機機械,2.70
00900,富邦特選高股息30,其餘行業 - 其他產業,2.09
00900,富邦特選高股息30,其餘行業 - 數位雲端,2.02
00900,富邦特選高股息30,其餘行業 - 其他,1.80
00901,永豐智能車供應鏈,半導體業,54.71
00901,永豐智能車供應鏈,其他電子業,14.10
00901,永豐智能車供應鏈,電腦及週邊設備業,12.00
00901,永豐智能車供應鏈,電子零組件業,8.94
00901,永豐智能車供應鏈,光電業,2.87
00901,永豐智能車供應鏈,其餘行業 - 電機機械,2.57
00901,永豐智能車供應鏈,其餘行業 - 通信網路業,1.59
00901,永豐智能車供應鏈,其餘行業 - 水泥工業,1.21
00901,永豐智能車供應鏈,其餘行業 - 電器電纜,0.67
00901,永豐智能車供應鏈,其餘行業 - 其他產業,0.50
00901,永豐智能車供應鏈,其餘行業 - 橡膠工業,0.46
00901,永豐智能車供應鏈,其餘行業 - 汽車工業,0.19
00902,中信電池及儲能,大陸有價證券,30.71
00902,中信電池及儲能,亞洲不含日本,29.49
00902,中信電池及儲能,北美,25.05
00902,中信電池及儲能,日本,7.71
00902,中信電池及儲能,其他產業,3.17
00902,中信電池及儲能,其餘行業 - 北美,2.85
00902,中信電池及儲能,其餘行業 - 其他電子業,1.32
00902,中信電池及儲能,其餘行業 - 電腦及週邊設備業,0.99
00903,富邦元宇宙,北美,88.55
00903,富邦元宇宙,亞洲不含日本,4.53
00903,富邦元宇宙,其他產業,3.28
00903,富邦元宇宙,通信網路業,2.71
00903,富邦元宇宙,已開發歐洲,1.76
00903,富邦元宇宙,其餘行業 - 光電業,0.98
00903,富邦元宇宙,其餘行業 - 日本,0.33
00904,新光臺灣半導體30,半導體業,98.70
00904,新光臺灣半導體30,其他產業,1.17
00905,FT臺灣Smart,半導體業,46.64
00905,FT臺灣Smart,電腦及週邊設備業,10.87
00905,FT臺灣Smart,電子零組件業,10.55
00905,FT臺灣Smart,其他電子業,8.06
00905,FT臺灣Smart,通信網路業,5.39
00905,FT臺灣Smart,其餘行業 - 其他產業,2.43
00905,FT臺灣Smart,其餘行業 - 汽車工業,2.15
00905,FT臺灣Smart,其餘行業 - 建材營造,1.82
00905,FT臺灣Smart,其餘行業 - 電機機械,1.75
00905,FT臺灣Smart,其餘行業 - 金融保險,1.63
00905,FT臺灣Smart,其餘行業 - 航運業,1.58
00905,FT臺灣Smart,其餘行業 - 貿易百貨,1.36
00905,FT臺灣Smart,其餘行業 - 生技醫療業,1.07
00905,FT臺灣Smart,其餘行業 - 居家生活,1.04
00905,FT臺灣Smart,其餘行業 - 化學工業,0.98
00905,FT臺灣Smart,其餘行業 - 其他,0.80
00905,FT臺灣Smart,其餘行業 - 紡織纖維,0.72
00905,FT臺灣Smart,其餘行業 - 運動休閒,0.66
00905,FT臺灣Smart,其餘行業 - 食品工業,0.53
00905,FT臺灣Smart,其餘行業 - 鋼鐵工業,0.48
00905,FT臺灣Smart,其餘行業 - 觀光餐旅,0.36
00905,FT臺灣Smart,其餘行業 - 資訊服務業,0.20
00905,FT臺灣Smart,其餘行業 - 光電業,0.11
00905,FT臺灣Smart,其餘行業 - 電子通路業,0.07
00907,永豐優息存股,金融保險,40.18
00907,永豐優息存股,航運業,19.29
00907,永豐優息存股,運動休閒,7.73
00907,永豐優息存股,鋼鐵工業,4.82
00907,永豐優息存股,電機機械,4.76
00907,永豐優息存股,其餘行業 - 食品工業,4.03
00907,永豐優息存股,其餘行業 - 紡織纖維,3.62
00907,永豐優息存股,其餘行業 - 水泥工業,3.62
00907,永豐優息存股,其餘行業 - 塑膠工業,3.44
00907,永豐優息存股,其餘行業 - 其他產業,3.10
00907,永豐優息存股,其餘行業 - 貿易百貨,2.81
00907,永豐優息存股,其餘行業 - 電器電纜,2.80
00907,永豐優息存股,其餘行業 - 數位雲端,1.30
00908,富邦入息REITs+,北美,36.88
00908,富邦入息REITs+,亞洲不含日本,33.30
00908,富邦入息REITs+,已開發歐洲,22.32
00908,富邦入息REITs+,紐澳,5.79
00908,富邦入息REITs+,其他產業,2.11
00909,國泰數位支付服務,北美,90.72
00909,國泰數位支付服務,其他產業,10.03
00909,國泰數位支付服務,日本,8.66
00910,第一金太空衛星,北美,59.26
00910,第一金太空衛星,日本,10.07
00910,第一金太空衛星,已開發歐洲,6.71
00910,第一金太空衛星,通信網路業,5.84
00910,第一金太空衛星,其它,3.17
00910,第一金太空衛星,其餘行業 - 亞洲不含日本,3.15
00910,第一金太空衛星,其餘行業 - 半導體業,3.04
00910,第一金太空衛星,其餘行業 - 汽車工業,2.95
00910,第一金太空衛星,其餘行業 - 其他產業,2.78
00911,兆豐洲際半導體,北美,88.66
00911,兆豐洲際半導體,北美,10.04
00911,兆豐洲際半導體,其他產業,0.97
00912,中信臺灣智慧50,半導體業,47.36
00912,中信臺灣智慧50,金融保險,23.85
00912,中信臺灣智慧50,通信網路業,5.95
00912,中信臺灣智慧50,其他產業,4.95
00912,中信臺灣智慧50,電子零組件業,3.57
00912,中信臺灣智慧50,其餘行業 - 其他電子業,3.36
00912,中信臺灣智慧50,其餘行業 - 光電業,3.17
00912,中信臺灣智慧50,其餘行業 - 電機機械,3.07
00912,中信臺灣智慧50,其餘行業 - 電腦及週邊設備業,2.79
00912,中信臺灣智慧50,其餘行業 - 貿易百貨,0.85
00912,中信臺灣智慧50,其餘行業 - 其他,0.76
00912,中信臺灣智慧50,其餘行業 - 食品工業,0.35
00912,中信臺灣智慧50,其餘行業 - 塑膠工業,0.28
00912,中信臺灣智慧50,其餘行業 - 航運業,0.19
00912,中信臺灣智慧50,其餘行業 - 鋼鐵工業,0.10
00912,中信臺灣智慧50,其餘行業 - 水泥工業,0.09
00912,中信臺灣智慧50,其餘行業 - 汽車工業,0.02
00913,兆豐台灣晶圓製造,半導體業,95.54
00913,兆豐台灣晶圓製造,其他電子業,1.52
00913,兆豐台灣晶圓製造,其他產業,1.48
00913,兆豐台灣晶圓製造,電腦及週邊設備業,0.55
00913,兆豐台灣晶圓製造,電子通路業,0.21
00915,凱基優選高股息30,半導體業,17.60
00915,凱基優選高股息30,其他電子業,12.64
00915,凱基優選高股息30,光電業,11.15
00915,凱基優選高股息30,電腦及週邊設備業,10.85
00915,凱基優選高股息30,電子零組件業,10.26
00915,凱基優選高股息30,其餘行業 - 電子通路業,9.54
00915,凱基優選高股息30,其餘行業 - 金融保險,8.21
00915,凱基優選高股息30,其餘行業 - 食品工業,7.02
00915,凱基優選高股息30,其餘行業 - 鋼鐵工業,6.76
00915,凱基優選高股息30,其餘行業 - 文化創意業,5.44
00915,凱基優選高股息30,其餘行業 - 其他產業,0.61
00915,凱基優選高股息30,其餘行業 - 其他,0.07
00915,凱基優選高股息30,其餘行業 - 通信網路業,0.05
00916,國泰全球品牌50,北美,89.15
00916,國泰全球品牌50,已開發歐洲,6.40
00916,國泰全球品牌50,日本,2.20
00916,國泰全球品牌50,亞洲不含日本,1.50
00916,國泰全球品牌50,其他產業,1.12
00916,國泰全球品牌50,其餘行業 - 紐澳,0.69
00917,中信特選金融,北美,79.10
00917,中信特選金融,已開發歐洲,12.99
00917,中信特選金融,亞洲不含日本,5.79
00917,中信特選金融,其他產業,3.38
00918,大華優利高填息30,半導體業,27.48
00918,大華優利高填息30,其他電子業,15.43
00918,大華優利高填息30,電腦及週邊設備業,14.62
00918,大華優利高填息30,航運業,13.29
00918,大華優利高填息30,金融保險,5.90
00918,大華優利高填息30,其餘行業 - 光電業,5.36
00918,大華優利高填息30,其餘行業 - 電子零組件業,4.76
00918,大華優利高填息30,其餘行業 - 其他,4.39
00918,大華優利高填息30,其餘行業 - 電機機械,2.53
00918,大華優利高填息30,其餘行業 - 橡膠工業,2.27
00918,大華優利高填息30,其餘行業 - 汽車工業,1.81
00918,大華優利高填息30,其餘行業 - 通信網路業,1.27
00918,大華優利高填息30,其餘行業 - 其他產業,0.78
00918,大華優利高填息30,其餘行業 - 化學工業,0.31
00919,群益台灣精選高息,半導體業,47.34
00919,群益台灣精選高息,航運業,12.09
00919,群益台灣精選高息,電子零組件業,8.64
00919,群益台灣精選高息,電腦及週邊設備業,5.56
00919,群益台灣精選高息,其他電子業,4.63
00919,群益台灣精選高息,其餘行業 - 文化創意業,4.21
00919,群益台灣精選高息,其餘行業 - 其他產業,3.96
00919,群益台灣精選高息,其餘行業 - 金融保險,3.95
00919,群益台灣精選高息,其餘行業 - 光電業,3.78
00919,群益台灣精選高息,其餘行業 - 電機機械,1.64
00919,群益台灣精選高息,其餘行業 - 鋼鐵工業,1.57
00919,群益台灣精選高息,其餘行業 - 居家生活,0.57
00919,群益台灣精選高息,其餘行業 - 化學工業,0.40
00920,富邦ESG綠色電力,已開發歐洲,45.73
00920,富邦ESG綠色電力,北美,23.86
00920,富邦ESG綠色電力,亞洲不含日本,11.41
00920,富邦ESG綠色電力,日本,8.43
00920,富邦ESG綠色電力,電子零組件業,7.74
00920,富邦ESG綠色電力,其餘行業 - 電腦及週邊設備業,1.88
00920,富邦ESG綠色電力,其餘行業 - 其他產業,0.75
00920,富邦ESG綠色電力,其餘行業 - 其它,0.35
00921,兆豐龍頭等權重,半導體業,6.91
00921,兆豐龍頭等權重,電器電纜,4.21
00921,兆豐龍頭等權重,綠能環保,4.03
00921,兆豐龍頭等權重,居家生活,3.49
00921,兆豐龍頭等權重,電腦及週邊設備業,3.36
00921,兆豐龍頭等權重,其餘行業 - 金融保險,3.29
00921,兆豐龍頭等權重,其餘行業 - 航運業,3.20
00921,兆豐龍頭等權重,其餘行業 - 汽車工業,3.16
00921,兆豐龍頭等權重,其餘行業 - 建材營造,3.14
00921,兆豐龍頭等權重,其餘行業 - 電子通路業,3.11
00921,兆豐龍頭等權重,其餘行業 - 生技醫療業,3.08
00921,兆豐龍頭等權重,其餘行業 - 資訊服務業,3.02
00921,兆豐龍頭等權重,其餘行業 - 電機機械,2.95
00921,兆豐龍頭等權重,其餘行業 - 觀光餐旅,2.93
00921,兆豐龍頭等權重,其餘行業 - 紡織纖維,2.89
00921,兆豐龍頭等權重,其餘行業 - 通信網路業,2.84
00921,兆豐龍頭等權重,其餘行業 - 水泥工業,2.80
00921,兆豐龍頭等權重,其餘行業 - 橡膠工業,2.79
00921,兆豐龍頭等權重,其餘行業 - 食品工業,2.77
00921,兆豐龍頭等權重,其餘行業 - 鋼鐵工業,2.76
00921,兆豐龍頭等權重,其餘行業 - 貿易百貨,2.76
00921,兆豐龍頭等權重,其餘行業 - 電子零組件業,2.62
00921,兆豐龍頭等權重,其餘行業 - 運動休閒,2.50
00921,兆豐龍頭等權重,其餘行業 - 造紙工業,2.47
00921,兆豐龍頭等權重,其餘行業 - 玻璃陶瓷,2.45
00921,兆豐龍頭等權重,其餘行業 - 油電燃氣業,2.32
00921,兆豐龍頭等權重,其餘行業 - 塑膠工業,2.25
00921,兆豐龍頭等權重,其餘行業 - 數位雲端,2.22
00921,兆豐龍頭等權重,其餘行業 - 其他產業,1.76
00922,國泰台灣領袖50,半導體業,46.79
00922,國泰台灣領袖50,金融保險,17.36
00922,國泰台灣領袖50,電腦及週邊設備業,9.71
00922,國泰台灣領袖50,其他電子業,6.83
00922,國泰台灣領袖50,電子零組件業,4.82
00922,國泰台灣領袖50,其餘行業 - 通信網路業,3.63
00922,國泰台灣領袖50,其餘行業 - 光電業,1.45
00922,國泰台灣領袖50,其餘行業 - 食品工業,1.43
00922,國泰台灣領袖50,其餘行業 - 汽車工業,1.24
00922,國泰台灣領袖50,其餘行業 - 塑膠工業,1.15
00922,國泰台灣領袖50,其餘行業 - 其他,1.02
00922,國泰台灣領袖50,其餘行業 - 電機機械,0.79
00922,國泰台灣領袖50,其餘行業 - 貿易百貨,0.78
00922,國泰台灣領袖50,其餘行業 - 其他產業,0.68
00922,國泰台灣領袖50,其餘行業 - 航運業,0.66
00922,國泰台灣領袖50,其餘行業 - 水泥工業,0.62
00922,國泰台灣領袖50,其餘行業 - 電器電纜,0.39
00923,群益台ESG低碳50,半導體業,59.93
00923,群益台ESG低碳50,金融保險,13.08
00923,群益台ESG低碳50,電腦及週邊設備業,9.03
00923,群益台ESG低碳50,其他電子業,5.57
00923,群益台ESG低碳50,通信網路業,3.67
00923,群益台ESG低碳50,其餘行業 - 電子零組件業,3.64
00923,群益台ESG低碳50,其餘行業 - 食品工業,1.08
00923,群益台ESG低碳50,其餘行業 - 其他,0.75
00923,群益台ESG低碳50,其餘行業 - 汽車工業,0.72
00923,群益台ESG低碳50,其餘行業 - 貿易百貨,0.51
00923,群益台ESG低碳50,其餘行業 - 電子通路業,0.44
00923,群益台ESG低碳50,其餘行業 - 紡織纖維,0.35
00923,群益台ESG低碳50,其餘行業 - 電器電纜,0.32
00923,群益台ESG低碳50,其餘行業 - 其他產業,0.22
00924,復華S&P500成長,北美,95.03
00924,復華S&P500成長,其他產業,4.28
00925,新光標普電動車,北美,74.17
00925,新光標普電動車,北美,22.92
00925,新光標普電動車,其他產業,2.11
00926,凱基全球菁英55,北美,90.62
00926,凱基全球菁英55,其他產業,8.31
00926,凱基全球菁英55,已開發歐洲,4.65
00927,群益半導體收益,半導體業,97.67
00927,群益半導體收益,其他產業,4.16
00929,復華台灣科技優息,半導體業,45.64
00929,復華台灣科技優息,電子零組件業,16.25
00929,復華台灣科技優息,電腦及週邊設備業,15.08
00929,復華台灣科技優息,電子通路業,9.56
00929,復華台灣科技優息,其他電子業,5.38
00929,復華台灣科技優息,其餘行業 - 光電業,3.80
00929,復華台灣科技優息,其餘行業 - 通信網路業,3.17
00929,復華台灣科技優息,其餘行業 - 其他產業,2.50
00930,永豐ESG低碳高息,半導體業,40.30
00930,永豐ESG低碳高息,電子零組件業,20.50
00930,永豐ESG低碳高息,光電業,8.20
00930,永豐ESG低碳高息,紡織纖維,4.99
00930,永豐ESG低碳高息,電子通路業,4.92
00930,永豐ESG低碳高息,其餘行業 - 其他電子業,4.88
00930,永豐ESG低碳高息,其餘行業 - 電腦及週邊設備業,3.95
00930,永豐ESG低碳高息,其餘行業 - 其他產業,2.63
00930,永豐ESG低碳高息,其餘行業 - 金融保險,2.59
00930,永豐ESG低碳高息,其餘行業 - 食品工業,1.71
00930,永豐ESG低碳高息,其餘行業 - 通信網路業,1.50
00930,永豐ESG低碳高息,其餘行業 - 運動休閒,1.09
00930,永豐ESG低碳高息,其餘行業 - 建材營造,0.97
00930,永豐ESG低碳高息,其餘行業 - 化學工業,0.82
00930,永豐ESG低碳高息,其餘行業 - 其他,0.73
00932,兆豐永續高息等權,半導體業,34.68
00932,兆豐永續高息等權,電腦及週邊設備業,14.09
00932,兆豐永續高息等權,電子零組件業,10.36
00932,兆豐永續高息等權,光電業,6.63
00932,兆豐永續高息等權,通信網路業,6.04
00932,兆豐永續高息等權,其餘行業 - 金融保險,3.64
00932,兆豐永續高息等權,其餘行業 - 塑膠工業,3.55
00932,兆豐永續高息等權,其餘行業 - 鋼鐵工業,2.94
00932,兆豐永續高息等權,其餘行業 - 電子通路業,2.71
00932,兆豐永續高息等權,其餘行業 - 水泥工業,2.51
00932,兆豐永續高息等權,其餘行業 - 建材營造,2.45
00932,兆豐永續高息等權,其餘行業 - 其他電子業,2.20
00932,兆豐永續高息等權,其餘行業 - 其他,2.09
00932,兆豐永續高息等權,其餘行業 - 航運業,1.93
00932,兆豐永續高息等權,其餘行業 - 其他產業,1.68
00932,兆豐永續高息等權,其餘行業 - 造紙工業,0.80
00932,兆豐永續高息等權,其餘行業 - 生技醫療業,0.62
00934,中信成長高股息,半導體業,40.37
00934,中信成長高股息,電腦及週邊設備業,7.76
00934,中信成長高股息,光電業,5.95
00934,中信成長高股息,電子通路業,5.93
00934,中信成長高股息,建材營造,5.60
00934,中信成長高股息,其餘行業 - 其他電子業,4.35
00934,中信成長高股息,其餘行業 - 文化創意業,4.07
00934,中信成長高股息,其餘行業 - 電子零組件業,3.80
00934,中信成長高股息,其餘行業 - 金融保險,3.79
00934,中信成長高股息,其餘行業 - 食品工業,3.29
00934,中信成長高股息,其餘行業 - 紡織纖維,3.09
00934,中信成長高股息,其餘行業 - 航運業,2.98
00934,中信成長高股息,其餘行業 - 貿易百貨,1.76
00934,中信成長高股息,其餘行業 - 其他,1.56
00934,中信成長高股息,其餘行業 - 鋼鐵工業,1.54
00934,中信成長高股息,其餘行業 - 數位雲端,1.29
00934,中信成長高股息,其餘行業 - 居家生活,0.99
00934,中信成長高股息,其餘行業 - 其他產業,0.91
00934,中信成長高股息,其餘行業 - 水泥工業,0.51
00935,野村臺灣新科技50,半導體業,70.90
00935,野村臺灣新科技50,電子零組件業,14.55
00935,野村臺灣新科技50,電腦及週邊設備業,8.00
00935,野村臺灣新科技50,通信網路業,2.49
00935,野村臺灣新科技50,其他電子業,1.52
00935,野村臺灣新科技50,其餘行業 - 其他產業,1.13
00935,野村臺灣新科技50,其餘行業 - 文化創意業,0.97
00936,台新永續高息中小,半導體業,22.28
00936,台新永續高息中小,電子零組件業,15.61
00936,台新永續高息中小,金融保險,7.53
00936,台新永續高息中小,光電業,6.75
00936,台新永續高息中小,電腦及週邊設備業,6.23
00936,台新永續高息中小,其餘行業 - 化學工業,5.64
00936,台新永續高息中小,其餘行業 - 航運業,5.00
00936,台新永續高息中小,其餘行業 - 鋼鐵工業,4.92
00936,台新永續高息中小,其餘行業 - 其他產業,4.30
00936,台新永續高息中小,其餘行業 - 汽車工業,4.07
00936,台新永續高息中小,其餘行業 - 紡織纖維,3.95
00936,台新永續高息中小,其餘行業 - 貿易百貨,3.51
00936,台新永續高息中小,其餘行業 - 通信網路業,3.25
00936,台新永續高息中小,其餘行業 - 資訊服務業,2.78
00936,台新永續高息中小,其餘行業 - 建材營造,2.33
00936,台新永續高息中小,其餘行業 - 綠能環保,1.60
00936,台新永續高息中小,其餘行業 - 數位雲端,0.68
00936,台新永續高息中小,其餘行業 - 生技醫療業,0.55
00936,台新永續高息中小,其餘行業 - 觀光餐旅,0.45
00939,統一台灣高息動能,半導體業,32.01
00939,統一台灣高息動能,電子零組件業,18.06
00939,統一台灣高息動能,電腦及週邊設備業,14.55
00939,統一台灣高息動能,電子通路業,11.94
00939,統一台灣高息動能,航運業,6.37
00939,統一台灣高息動能,其餘行業 - 汽車工業,3.77
00939,統一台灣高息動能,其餘行業 - 光電業,3.51
00939,統一台灣高息動能,其餘行業 - 其他電子業,3.30
00939,統一台灣高息動能,其餘行業 - 通信網路業,2.29
00939,統一台灣高息動能,其餘行業 - 文化創意業,1.94
00939,統一台灣高息動能,其餘行業 - 其他產業,1.64
00940,元大台灣價值高息,半導體業,30.24
00940,元大台灣價值高息,電腦及週邊設備業,15.57
00940,元大台灣價值高息,航運業,9.51
00940,元大台灣價值高息,其他電子業,8.06
00940,元大台灣價值高息,電子零組件業,7.06
00940,元大台灣價值高息,其餘行業 - 通信網路業,4.05
00940,元大台灣價值高息,其餘行業 - 金融保險,3.90
00940,元大台灣價值高息,其餘行業 - 其他產業,3.19
00940,元大台灣價值高息,其餘行業 - 文化創意業,3.14
00940,元大台灣價值高息,其餘行業 - 汽車工業,2.69
00940,元大台灣價值高息,其餘行業 - 運動休閒,2.17
00940,元大台灣價值高息,其餘行業 - 電機機械,2.09
00940,元大台灣價值高息,其餘行業 - 食品工業,2.01
00940,元大台灣價值高息,其餘行業 - 電子通路業,1.71
00940,元大台灣價值高息,其餘行業 - 光電業,0.75
00940,元大台灣價值高息,其餘行業 - 鋼鐵工業,0.52
00940,元大台灣價值高息,其餘行業 - 化學工業,0.28
00941,中信上游半導體,北美,46.94
00941,中信上游半導體,日本,25.93
00941,中信上游半導體,已開發歐洲,23.34
00941,中信上游半導體,其他產業,1.84
00941,中信上游半導體,亞洲不含日本,1.59
00941,中信上游半導體,其餘行業 - 電子零組件業,0.17
00941,中信上游半導體,其餘行業 - 電子通路業,0.17
00944,野村趨勢動能高息,其他產業,99.99
00945B,凱基美國非投等債,其他產業,95.49
00946,群益科技高息成長,其他產業,30.78
