代號,股票名稱,持股票名稱,持股(%)
0050,元大台灣50,台積電,51.17
0050,元大台灣50,聯發科,4.86
0050,元大台灣50,鴻海,4.49
0050,元大台灣50,廣達,2.13
0050,元大台灣50,台達電,2.01
0050,元大台灣50,聯電,1.67
0050,元大台灣50,中信金,1.65
0050,元大台灣50,日月光投控,1.50
0050,元大台灣50,富邦金,1.47
0050,元大台灣50,中華電,1.31
0051,元大中型100,奇鋐,2.09
0051,元大中型100,技嘉,2.08
0051,元大中型100,英業達,2.05
0051,元大中型100,仁寶,2.00
0051,元大中型100,大聯大,1.90
0051,元大中型100,力成,1.84
0051,元大中型100,群光,1.83
0051,元大中型100,可成,1.78
0051,元大中型100,宏碁,1.78
0051,元大中型100,群創,1.71
0052,富邦科技,台積電,59.22
0052,富邦科技,鴻海,5.65
0052,富邦科技,聯發科,5.61
0052,富邦科技,廣達,2.47
0052,富邦科技,聯電,1.93
0052,富邦科技,日月光投控,1.74
0052,富邦科技,緯創,1.13
0052,富邦科技,聯詠,1.09
0053,元大電子,台積電,46.19
0053,元大電子,聯發科,5.03
0053,元大電子,鴻海,4.34
0053,元大電子,台達電,2.79
0053,元大電子,廣達,2.56
0053,元大電子,中華電,2.21
0053,元大電子,日月光投控,1.63
0053,元大電子,聯電,1.60
0053,元大電子,緯穎,1.01
0055,元大MSCI金融,中信金,11.74
0055,元大MSCI金融,富邦金,10.96
0055,元大MSCI金融,兆豐金,9.40
0055,元大MSCI金融,國泰金,9.33
0055,元大MSCI金融,玉山金,7.73
0055,元大MSCI金融,元大金,6.21
0055,元大MSCI金融,第一金,6.08
0055,元大MSCI金融,合庫金,5.43
0055,元大MSCI金融,中租-KY,5.31
0055,元大MSCI金融,永豐金,4.59
0056,元大高股息,聯詠,3.28
0056,元大高股息,聯發科,3.15
0056,元大高股息,和碩,2.91
0056,元大高股息,群光,2.87
0056,元大高股息,鴻海,2.87
0056,元大高股息,日月光投控,2.75
0056,元大高股息,大聯大,2.74
0056,元大高股息,聯電,2.72
0056,元大高股息,瑞昱,2.71
0056,元大高股息,力成,2.59
0057,富邦摩台,台積電,46.71
0057,富邦摩台,鴻海,4.55
0057,富邦摩台,聯發科,4.41
0057,富邦摩台,廣達,1.93
0057,富邦摩台,台達電,1.61
0057,富邦摩台,聯電,1.43
0057,富邦摩台,中信金,1.42
0057,富邦摩台,富邦金,1.32
0057,富邦摩台,日月光投控,1.20
0057,富邦摩台,中華電,1.17
0061,元大寶滬深,BOCI-PRUDENTIAL-W.I.S.E -HKD,96.72
006203,元大MSCI台灣,台積電,46.57
006203,元大MSCI台灣,鴻海,4.55
006203,元大MSCI台灣,聯發科,4.44
006203,元大MSCI台灣,廣達,1.94
006203,元大MSCI台灣,台達電,1.60
006203,元大MSCI台灣,聯電,1.43
006203,元大MSCI台灣,中信金,1.42
006203,元大MSCI台灣,富邦金,1.32
006203,元大MSCI台灣,日月光投控,1.21
006203,元大MSCI台灣,中華電,1.16
006204,永豐臺灣加權,台積電,29.91
006204,永豐臺灣加權,聯發科,3.70
006204,永豐臺灣加權,鴻海,3.62
006204,永豐臺灣加權,廣達,2.19
006204,永豐臺灣加權,中華電,1.89
006204,永豐臺灣加權,富邦金,1.72
006204,永豐臺灣加權,台達電,1.71
006204,永豐臺灣加權,聯電,1.41
006204,永豐臺灣加權,國泰金,1.38
006204,永豐臺灣加權,日月光投控,1.36
006205,富邦上証,貴州茅臺,9.13
006205,富邦上証,中國平安,3.98
006205,富邦上証,招商銀行,3.61
006205,富邦上証,紫金礦業,2.51
006205,富邦上証,長江電力,2.21
006205,富邦上証,興業銀行,2.08
006205,富邦上証,恒瑞醫藥,1.86
006205,富邦上証,中信証券,1.70
006205,富邦上証,工商銀行,1.68
006205,富邦上証,伊利股份,1.61
006206,元大上證50,Kweichow Moutai Co Ltd,15.77
006206,元大上證50,Ping An Insurance Group Co of China Ltd,6.49
006206,元大上證50,China Merchants Bank Co Ltd,5.89
006206,元大上證50,Zijin Mining Group Co Ltd,4.41
006206,元大上證50,China Yangtze Power Co Ltd,3.88
006206,元大上證50,Industrial Bank Co Ltd,3.39
006206,元大上證50,Jiangsu Hengrui Pharmaceuticals Co Ltd,3.03
006206,元大上證50,CITIC Securities Co Ltd,2.77
006206,元大上證50,Industrial & Commercial Bank of China Ltd,2.73
006206,元大上證50,Inner Mongolia Yili Industrial Group Co Ltd,2.62
006207,復華滬深,KWEICHOW MOUTAI CO LTD-A-CHN,5.50
006207,復華滬深,CONTEMPORARY AMPEREX TECHN-A-CHN,2.60
006207,復華滬深,PING AN INSURANCE GROUP CO-A-CHN,2.26
006207,復華滬深,CHINA MERCHANTS BANK-A-CHN,2.05
006207,復華滬深,MIDEA GROUP CO LTD-A-CHN,1.65
006207,復華滬深,WULIANGYE YIBIN CO LTD-A-CHN,1.55
006207,復華滬深,ZIJIN MINING GROUP CO LTD-A-CHN,1.45
006207,復華滬深,CHINA YANGTZE POWER CO LTD-A-CHN,1.28
006207,復華滬深,INDUSTRIAL BANK CO LTD -A-CHN,1.19
006207,復華滬深,JIANGSU HENGRUI PHARMACEUT-A-CHN,1.08
006208,富邦台50,台積電,51.19
006208,富邦台50,鴻海,4.89
006208,富邦台50,聯發科,4.86
006208,富邦台50,廣達,2.13
006208,富邦台50,台達電,2.01
006208,富邦台50,聯電,1.67
006208,富邦台50,中信金,1.64
006208,富邦台50,日月光投控,1.50
006208,富邦台50,富邦金,1.47
006208,富邦台50,中華電,1.31
00631L,元大台灣50正2,台積電,1.14
00631L,元大台灣50正2,鴻海,0.23
00631L,元大台灣50正2,台塑,0.10
00631L,元大台灣50正2,南亞,0.09
00631L,元大台灣50正2,國泰金,0.08
00631L,元大台灣50正2,中華電,0.08
00631L,元大台灣50正2,台化,0.08
00631L,元大台灣50正2,中信金,0.07
00631L,元大台灣50正2,富邦金,0.07
00631L,元大台灣50正2,統一,0.07
00633L,富邦上証正2,富邦吉祥貨幣市場基金,13.55
00633L,富邦上証正2,富邦上証180基金,2.87
00636,國泰中國A50,KWEICHOW MOUTAI CO LTD-A,14.72
00636,國泰中國A50,CONTEMPORARY AMPEREX TECHN-A,5.75
00636,國泰中國A50,CHINA MERCHANTS BANK-A,4.57
00636,國泰中國A50,CHINA YANGTZE POWER CO LTD-A,4.20
00636,國泰中國A50,WULIANGYE YIBIN CO LTD-A,4.10
00636,國泰中國A50,PING AN INSURANCE GROUP CO-A,3.04
00636,國泰中國A50,IND & COMM BK OF CHINA-A,2.80
00636,國泰中國A50,AGRICULTURAL BANK OF CHINA-A,2.75
00636,國泰中國A50,BYD CO LTD -A,2.53
00636,國泰中國A50,ZIJIN MINING GROUP CO LTD-A,2.38
00636K,國泰中國A50+U,KWEICHOW MOUTAI CO LTD-A,13.39
00636K,國泰中國A50+U,CONTEMPORARY AMPEREX TECHN-A,5.56
00636K,國泰中國A50+U,CHINA MERCHANTS BANK-A,4.80
00636K,國泰中國A50+U,WULIANGYE YIBIN CO LTD-A,3.67
00636K,國泰中國A50+U,CHINA YANGTZE POWER CO LTD-A,3.01
00636K,國泰中國A50+U,PING AN INSURANCE GROUP CO-A,2.81
00636K,國泰中國A50+U,BYD CO LTD -A,2.57
00636K,國泰中國A50+U,INDUSTRIAL BANK CO LTD -A,2.48
00636K,國泰中國A50+U,SHENZHEN MINDRAY BIO-MEDIC-A,2.21
00636K,國泰中國A50+U,IND & COMM BK OF CHINA-A,2.15
00637L,元大滬深300正2,CHINAAMC ETF SERIES - CH-HKD,3.70
00639,富邦深100,寧德時代,8.34
00639,富邦深100,美的集團,5.42
00639,富邦深100,五 糧 液,4.88
00639,富邦深100,格力電器,3.05
00639,富邦深100,比亞迪股份,3.02
00639,富邦深100,東方財富,2.83
00639,富邦深100,邁瑞醫療,2.60
00639,富邦深100,瀘州老窖,2.40
00639,富邦深100,立訊精密,2.36
00639,富邦深100,京東方,2.24
00640L,富邦日本正2,富邦日本東証基金,4.82
00643,群益深証中小,比亞迪股份有限公司,6.17
00643,群益深証中小,立訊精密工業股份有限公司,4.80
00643,群益深証中小,牧原食品股份有限公司,3.83
00643,群益深証中小,科大訊飛股份有限公司,3.21
00643,群益深証中小,北方華創科技集團股份有限公司,3.18
00643,群益深証中小,順豐控股股份有限公司,2.97
00643,群益深証中小,寧波銀行股份有限公司,2.61
00643,群益深証中小,分眾傳媒信息技術股份有限公司,2.47
00643,群益深証中小,江蘇洋河酒廠股份有限公司,2.20
00643,群益深証中小,天齊鋰業股份有限公司,1.85
00643K,群益深証中小+R,比亞迪,6.73
00643K,群益深証中小+R,立訊精密,4.42
00643K,群益深証中小+R,寧波銀行,4.24
00643K,群益深証中小+R,牧原股份,3.90
00643K,群益深証中小+R,恩捷股份,3.18
00643K,群益深証中小+R,洋河股份,3.13
00643K,群益深証中小+R,順豐控股,3.06
00643K,群益深証中小+R,贛鋒鋰業,2.92
00643K,群益深証中小+R,中環股份,2.90
00643K,群益深証中小+R,歌爾聲學,2.77
00645,富邦日本,Toyota Motor Corp,5.14
00645,富邦日本,Mitsubishi UFJ Financial Group Inc,2.31
00645,富邦日本,Sony Corp,2.27
00645,富邦日本,Tokyo Electron Ltd,2.07
00645,富邦日本,Mitsubishi Corp,1.75
00645,富邦日本,KEYENCE CORP,1.71
00645,富邦日本,Hitachi Ltd,1.67
00645,富邦日本,Sumitomo Mitsui Financial Group Inc,1.54
00645,富邦日本,Shin-Etsu Chemical Co Ltd,1.46
00645,富邦日本,Mitsui & Co Ltd,1.40
00646,元大S&P500,MICROSOFT CORP,6.88
00646,元大S&P500,APPLE INC,5.48
00646,元大S&P500,NVIDIA CORP,4.91
00646,元大S&P500,AMAZON.COM INC,3.63
00646,元大S&P500,META PLATFORMS INC-CLASS A,2.35
00646,元大S&P500,ALPHABET INC-CL A,1.96
00646,元大S&P500,BERKSHIRE HATHAWAY INC-CL B,1.68
00646,元大S&P500,ALPHABET INC-CL C,1.65
00646,元大S&P500,ELI LILLY & CO,1.37
00646,元大S&P500,BROADCOM INC,1.28
00652,富邦印度,HDFC Bank Ltd,8.91
00652,富邦印度,RELIANCE INDUSTRIES LTD,8.07
00652,富邦印度,ICICI Bank Ltd,6.28
00652,富邦印度,Infosys Ltd,4.38
00652,富邦印度,Larsen & Toubro Ltd,3.64
00652,富邦印度,Tata Consultancy Services Ltd,3.21
00652,富邦印度,ITC Ltd,3.11
00652,富邦印度,Bharti Airtel Ltd,2.62
00652,富邦印度,Axis Bank Ltd,2.43
00652,富邦印度,State Bank of India,2.36
00653L,富邦印度正2,富邦吉祥貨幣市場基金,3.81
00654R,富邦印度反1,富邦吉祥貨幣市場基金,18.15
00655L,國泰中國A50正2,中國信託華盈貨幣市場基金,2.79
00655L,國泰中國A50正2,國泰富時中國A50基金,1.09
00657,國泰日經225,FAST RETAILING CO LTD,11.52
00657,國泰日經225,TOKYO ELECTRON LTD,9.67
00657,國泰日經225,ADVANTEST CORP,4.46
00657,國泰日經225,SOFTBANK GROUP CORP,4.41
00657,國泰日經225,SHIN-ETSU CHEMICAL CO LTD,2.51
00657,國泰日經225,KDDI CORP,2.05
00657,國泰日經225,TDK CORP,1.74
00657,國泰日經225,TERUMO CORP,1.69
00657,國泰日經225,FANUC CORP,1.65
00657,國泰日經225,DAIKIN INDUSTRIES LTD,1.58
00657K,國泰日經225+U,TOKYO ELECTRON LTD,6.86
00657K,國泰日經225+U,FAST RETAILING CO LTD,6.51
00657K,國泰日經225+U,SOFTBANK GROUP CORP,3.58
00657K,國泰日經225+U,KDDI CORP,3.08
00657K,國泰日經225+U,FANUC CORP,2.49
00657K,國泰日經225+U,DAIKIN INDUSTRIES LTD,2.48
00657K,國泰日經225+U,ADVANTEST CORP,2.22
00657K,國泰日經225+U,SHIN-ETSU CHEMICAL CO LTD,1.95
00657K,國泰日經225+U,TERUMO CORP,1.81
00657K,國泰日經225+U,RECRUIT HOLDINGS CO LTD,1.79
00660,元大歐洲50,ASML HOLDING NV,8.60
00660,元大歐洲50,LVMH MOET HENNESSY LOUIS VUI,5.61
00660,元大歐洲50,SAP SE,5.12
00660,元大歐洲50,TOTALENERGIES SE,3.96
00660,元大歐洲50,SIEMENS AG-REG,3.46
00660,元大歐洲50,SCHNEIDER ELECTRIC SE,3.14
00660,元大歐洲50,ALLIANZ SE-REG,2.85
00660,元大歐洲50,L`OREAL,2.77
00660,元大歐洲50,SANOFI,2.73
00660,元大歐洲50,AIR LIQUIDE SA,2.64
00661,元大日經225,FAST RETAILING CO LTD,10.65
00661,元大日經225,TOKYO ELECTRON LTD,8.94
00661,元大日經225,ADVANTEST CORP,4.11
00661,元大日經225,SOFTBANK GROUP CORP,4.05
00661,元大日經225,SHIN-ETSU CHEMICAL CO LTD,2.48
00661,元大日經225,KDDI CORP,2.03
00661,元大日經225,TDK CORP,1.69
00661,元大日經225,TERUMO CORP,1.64
00661,元大日經225,FANUC CORP,1.58
00661,元大日經225,DAIKIN INDUSTRIES LTD,1.55
00662,富邦NASDAQ,Microsoft Corp,8.65
00662,富邦NASDAQ,APPLE INC,7.32
00662,富邦NASDAQ,NVIDIA CORP,6.25
00662,富邦NASDAQ,Amazon.com Inc,5.18
00662,富邦NASDAQ,META PLATFORMS INC,4.70
00662,富邦NASDAQ,Broadcom Inc,4.39
00662,富邦NASDAQ,Alphabet Inc-CL A,2.46
00662,富邦NASDAQ,Alphabet Inc-CL C,2.39
00662,富邦NASDAQ,Tesla Inc,2.34
00662,富邦NASDAQ,Costco Wholesale Corp,2.32
00665L,富邦恒生國企正2,富邦吉祥貨幣市場基金,9.93
00668,國泰美國道瓊,UNITEDHEALTH GROUP INC,7.75
00668,國泰美國道瓊,MICROSOFT CORP,6.59
00668,國泰美國道瓊,GOLDMAN SACHS GROUP INC,6.54
00668,國泰美國道瓊,HOME DEPOT INC,6.01
00668,國泰美國道瓊,CATERPILLAR INC,5.74
00668,國泰美國道瓊,SALESFORCE INC,4.72
00668,國泰美國道瓊,AMGEN INC,4.45
00668,國泰美國道瓊,McDonalds Corp,4.42
00668,國泰美國道瓊,VISA INC-CLASS A SHARES,4.37
00668,國泰美國道瓊,TRAVELERS COS INC/THE,3.60
00668K,國泰美國道瓊+U,UNITEDHEALTH GROUP INC,9.38
00668K,國泰美國道瓊+U,GOLDMAN SACHS GROUP INC,5.64
00668K,國泰美國道瓊+U,HOME DEPOT INC,5.54
00668K,國泰美國道瓊+U,MICROSOFT CORP,5.12
00668K,國泰美國道瓊+U,McDonalds Corp,4.60
00668K,國泰美國道瓊+U,AMGEN INC,4.30
00668K,國泰美國道瓊+U,VISA INC-CLASS A SHARES,3.93
00668K,國泰美國道瓊+U,CATERPILLAR INC,3.88
00668K,國泰美國道瓊+U,HONEYWELL INTERNATIONAL INC,3.57
00668K,國泰美國道瓊+U,JOHNSON & JOHNSON,3.33
00669R,國泰美國道瓊反1,中國信託華盈貨幣市場基金,5.19
00670L,富邦NASDAQ正2,富邦吉祥貨幣市場基金,17.99
00671R,富邦NASDAQ反1,富邦吉祥貨幣市場基金,13.76
00675L,富邦臺灣加權正2,富邦吉祥貨幣市場基金,3.84
00676R,富邦臺灣加權反1,富邦吉祥貨幣市場基金,16.53
00678,群益那斯達克生技,安進公司,8.43
00678,群益那斯達克生技,吉利德科學公司,8.27
00678,群益那斯達克生技,Regeneron Pharmaceuticals Inc,8.10
00678,群益那斯達克生技,福泰製藥公司,8.05
00678,群益那斯達克生技,莫德納公司,4.19
00678,群益那斯達克生技,ASTRAZENECA PLC-SPONS ADR,4.05
00678,群益那斯達克生技,百健公司,3.19
00678,群益那斯達克生技,ProShares兩倍做多那斯達克生技,2.31
00678,群益那斯達克生技,伊魯米納公司,2.23
00678,群益那斯達克生技,阿里拉姆製藥公司,1.91
00686R,群益臺灣加權反1,群益安穩貨幣市場基金,17.80
00690,兆豐藍籌30,台積電,31.81
00690,兆豐藍籌30,聯發科,14.29
00690,兆豐藍籌30,台達電,5.72
00690,兆豐藍籌30,富邦金,5.14
00690,兆豐藍籌30,中華電,5.07
00690,兆豐藍籌30,國泰金,3.70
00690,兆豐藍籌30,台塑,2.90
00690,兆豐藍籌30,聯詠,2.73
00690,兆豐藍籌30,南亞,2.44
00690,兆豐藍籌30,瑞昱,2.11
00692,富邦公司治理,台積電,43.15
00692,富邦公司治理,鴻海,4.44
00692,富邦公司治理,聯發科,4.08
00692,富邦公司治理,廣達,2.42
00692,富邦公司治理,中華電,2.09
00692,富邦公司治理,富邦金,1.94
00692,富邦公司治理,台達電,1.89
00692,富邦公司治理,國泰金,1.52
00692,富邦公司治理,日月光投控,1.51
00692,富邦公司治理,台塑化,1.41
00700,富邦恒生國企,騰訊控股,8.58
00700,富邦恒生國企,美團-W,8.41
00700,富邦恒生國企,建設銀行,7.49
00700,富邦恒生國企,阿里巴巴-SW,7.48
00700,富邦恒生國企,工商銀行,4.51
00700,富邦恒生國企,中國銀行,3.96
00700,富邦恒生國企,小米集團-W,3.84
00700,富邦恒生國企,中國平安,3.24
00700,富邦恒生國企,比亞迪股份,3.12
00700,富邦恒生國企,京東集團-SW,2.76
00701,國泰股利精選30,富邦金,8.99
00701,國泰股利精選30,中華電,8.75
00701,國泰股利精選30,中信金,8.73
00701,國泰股利精選30,國泰金,6.48
00701,國泰股利精選30,兆豐金,6.20
00701,國泰股利精選30,玉山金,5.76
00701,國泰股利精選30,統一,5.09
00701,國泰股利精選30,元大金,5.04
00701,國泰股利精選30,台塑,5.01
00701,國泰股利精選30,第一金,4.21
00702,國泰標普低波高息,ALTRIA GROUP INC,2.89
00702,國泰標普低波高息,VERIZON COMMUNICATIONS INC,2.68
00702,國泰標普低波高息,AT&T INC,2.65
00702,國泰標普低波高息,KINDER MORGAN INC,2.62
00702,國泰標普低波高息,ONEOK INC,2.40
00702,國泰標普低波高息,DOMINION ENERGY INC,2.40
00702,國泰標普低波高息,3M CO,2.37
00702,國泰標普低波高息,WILLIAMS COS INC,2.23
00702,國泰標普低波高息,SIMON PROPERTY GROUP INC,2.19
00702,國泰標普低波高息,LYONDELLBASELL INDU-CL A,2.16
00703,台新MSCI中國,騰訊控股,15.03
00703,台新MSCI中國,阿里巴巴-SW,8.77
00703,台新MSCI中國,美團點評,4.63
00703,台新MSCI中國,拼多多公司,4.62
00703,台新MSCI中國,CHINA CONSTRUCTION B,4.09
00703,台新MSCI中國,網易-S,3.06
00703,台新MSCI中國,IND & COMM BK OF CHI,2.50
00703,台新MSCI中國,中國銀行,2.50
00703,台新MSCI中國,京東集團-SW,2.47
00703,台新MSCI中國,百度集團-SW,2.25
00709,富邦歐洲,NOVO NORDISK A/S,3.51
00709,富邦歐洲,ASML Holding NV,3.34
00709,富邦歐洲,Nestle SA,2.48
00709,富邦歐洲,LVMH Moet Hennessy Louis Vuitton SE,1.96
00709,富邦歐洲,SHELL PLC,1.92
00709,富邦歐洲,SAP SE,1.88
00709,富邦歐洲,AstraZeneca PLC,1.75
00709,富邦歐洲,Novartis AG,1.75
00709,富邦歐洲,Roche Holding AG,1.54
00709,富邦歐洲,HSBC Holdings PLC,1.34
00710B,復華彭博非投等債,AAL 5 1/2 04/20/26,1.66
00710B,復華彭博非投等債,UAL 4 3/8 04/15/26,1.58
00710B,復華彭博非投等債,ISPIM 5.71 01/15/26,1.41
00710B,復華彭博非投等債,COMM 6 03/01/26,1.38
00710B,復華彭博非投等債,BPR 5 3/4 05/15/26,1.24
00710B,復華彭博非投等債,ALIANT 4 1/4 10/15/27,1.04
00710B,復華彭博非投等債,NWL 4.2 04/01/26,0.98
00710B,復華彭博非投等債,THC 4 7/8 01/01/26,0.96
00710B,復華彭博非投等債,IEP 5 1/4 05/15/27,0.90
00710B,復華彭博非投等債,OMF 6 7/8 03/15/25,0.88
00711B,復華彭博新興債,QATAR 4.817 03/14/49,2.53
00711B,復華彭博新興債,QATAR 4.4 04/16/50,2.38
00711B,復華彭博新興債,QATAR 5.103 04/23/48,2.30
00711B,復華彭博新興債,KSA 4 1/2 10/26/46,2.08
00711B,復華彭博新興債,URUGUA 5.1 06/18/50,1.34
00711B,復華彭博新興債,ARAMCO 4 3/8 04/16/49,1.28
00711B,復華彭博新興債,BMETR 3.693 09/13/61,1.28
00711B,復華彭博新興債,PERU 5 5/8 11/18/50,1.23
00711B,復華彭博新興債,KSA 4 5/8 10/04/47,1.21
00711B,復華彭博新興債,PERTIJ 6.45 05/30/44,1.19
00712,復華富時不動產,ANNALY CAPITAL MANAGEMENT IN-USA,18.03
00712,復華富時不動產,AGNC INVESTMENT CORP-USA,12.55
00712,復華富時不動產,STARWOOD PROPERTY TRUST INC-USA,10.96
00712,復華富時不動產,RITHM CAPITAL CORP-USA,9.85
00712,復華富時不動產,BLACKSTONE MORTGAGE TRU-CL A-USA,6.27
00712,復華富時不動產,ARBOR REALTY TRUST INC-USA,4.46
00712,復華富時不動產,APOLLO COMMERCIAL REAL ESTAT-USA,2.89
00712,復華富時不動產,READY CAPITAL CORP-USA,2.67
00712,復華富時不動產,TWO HARBORS INVESTMENT CORP-USA,2.51
00712,復華富時不動產,PENNYMAC MORTGAGE INVESTMENT-USA,2.33
00713,元大台灣高息低波,統一,9.10
00713,元大台灣高息低波,台灣大,6.46
00713,元大台灣高息低波,遠傳,5.78
00713,元大台灣高息低波,鴻海,5.11
00713,元大台灣高息低波,可成,4.90
00713,元大台灣高息低波,仁寶,4.31
00713,元大台灣高息低波,統一超,3.59
00713,元大台灣高息低波,瑞儀,2.90
00713,元大台灣高息低波,寶成,2.86
00713,元大台灣高息低波,宏全,2.44
00714,群益道瓊美國地產,普洛斯,9.52
00714,群益道瓊美國地產,美國電塔,7.43
00714,群益道瓊美國地產,Equinix公司,6.19
00714,群益道瓊美國地產,Welltower Inc,4.09
00714,群益道瓊美國地產,賽門物業集團,3.84
00714,群益道瓊美國地產,Realty Income Corp,3.81
00714,群益道瓊美國地產,公共存儲公司,3.71
00714,群益道瓊美國地產,皇冠城堡公司,3.71
00714,群益道瓊美國地產,數位不動產信託公司,3.13
00714,群益道瓊美國地產,科斯塔集團公司,2.84
00717,富邦美國特別股,CITIGROUP CAPITAL XIII 12.02159 2040/10/30,2.40
00717,富邦美國特別股,APOLLO GLOBAL MANAGEMENT 6.75 2026/7/31,1.79
00717,富邦美國特別股,JPMORGAN CHASE & CO 6 PERP EE,1.77
00717,富邦美國特別股,WELLS FARGO & COMPANY 4.75 PERP Z,1.73
00717,富邦美國特別股,JPMORGAN CHASE & CO 5.75 PERP DD,1.60
00717,富邦美國特別股,JPMORGAN CHASE & CO 4.625 PERP LL,1.59
00717,富邦美國特別股,JPMORGAN CHASE & CO 4.2 PERP MM,1.55
00717,富邦美國特別股,AT&T INC 4.75 PERP C,1.33
00717,富邦美國特別股,JPMORGAN CHASE & CO 4.55 PERP JJ,1.30
00717,富邦美國特別股,BANK OF AMERICA CORP 5.375 PERP KK,1.29
00728,第一金工業30,台積電,30.18
00728,第一金工業30,聯發科,20.15
00728,第一金工業30,台塑,4.08
00728,第一金工業30,聯詠,3.85
00728,第一金工業30,大立光,3.44
00728,第一金工業30,南亞,3.44
00728,第一金工業30,研華,3.40
00728,第一金工業30,可成,2.95
00728,第一金工業30,嘉澤,2.38
00728,第一金工業30,儒鴻,2.12
00730,富邦臺灣優質高息,鈊象,14.11
00730,富邦臺灣優質高息,漢唐,13.28
00730,富邦臺灣優質高息,聯發科,10.87
00730,富邦臺灣優質高息,聯電,7.54
00730,富邦臺灣優質高息,新光鋼,7.22
00730,富邦臺灣優質高息,台橡,6.98
00730,富邦臺灣優質高息,台聚,5.97
00730,富邦臺灣優質高息,聯詠,4.23
00730,富邦臺灣優質高息,南帝,4.18
00730,富邦臺灣優質高息,泰博,4.00
00731,復華富時高息低波,鴻海,13.19
00731,復華富時高息低波,台達電,8.49
00731,復華富時高息低波,聯電,7.06
00731,復華富時高息低波,中信金,6.95
00731,復華富時高息低波,日月光投控,6.35
00731,復華富時高息低波,中華電,5.53
00731,復華富時高息低波,統一,4.29
00731,復華富時高息低波,聯詠,4.02
00731,復華富時高息低波,中鋼,3.40
00731,復華富時高息低波,南亞,3.35
00733,富邦臺灣中小,英業達,8.07
00733,富邦臺灣中小,奇鋐,7.80
00733,富邦臺灣中小,技嘉,6.86
00733,富邦臺灣中小,仁寶,6.51
00733,富邦臺灣中小,力成,6.21
00733,富邦臺灣中小,群光,6.14
00733,富邦臺灣中小,宏碁,5.95
00733,富邦臺灣中小,嘉澤,5.80
00733,富邦臺灣中小,微星,5.08
00733,富邦臺灣中小,矽力*-KY,4.74
00735,國泰臺韓科技,台積電,21.05
00735,國泰臺韓科技,SAMSUNG ELECTRONICS CO LTD,17.50
00735,國泰臺韓科技,SK HYNIX INC,7.44
00735,國泰臺韓科技,聯發科,5.98
00735,國泰臺韓科技,鴻海,5.70
00735,國泰臺韓科技,廣達,2.50
00735,國泰臺韓科技,NAVER CORP,2.13
00735,國泰臺韓科技,台達電,2.05
00735,國泰臺韓科技,聯電,1.91
00735,國泰臺韓科技,SAMSUNG SDI CO LTD,1.86
00736,國泰新興市場,台積電,7.46
00736,國泰新興市場,TENCENT HOLDINGS LTD,2.81
00736,國泰新興市場,ALIBABA GROUP HOLDING LTD,1.85
00736,國泰新興市場,RELIANCE INDUSTRIES LTD,1.52
00736,國泰新興市場,HDFC BANK LIMITED,1.24
00736,國泰新興市場,聯發科,0.82
00736,國泰新興市場,INFOSYS LTD,0.81
00736,國泰新興市場,MEITUAN,0.78
00736,國泰新興市場,CHINA CONSTRUCTION BANK-H,0.71
00736,國泰新興市場,GRUPO MEXICO SAB DE CV-SER B,0.70
00737,國泰AI+Robo,MOBILEYE GLOBAL INC-A,2.05
00737,國泰AI+Robo,DARKTRACE PLC,1.98
00737,國泰AI+Robo,AEROVIRONMENT INC,1.96
00737,國泰AI+Robo,APPIAN CORP,1.86
00737,國泰AI+Robo,VALEO SA,1.75
00737,國泰AI+Robo,NICE LTD - SPON ADR,1.73
00737,國泰AI+Robo,CERENCE INC,1.72
00737,國泰AI+Robo,UPSTART HOLDINGS INC,1.70
00737,國泰AI+Robo,ANSYS INC,1.69
00737,國泰AI+Robo,CADENCE DESIGN SYS INC,1.66
00739,元大MSCI A股,Kweichow Moutai Co Ltd,5.82
00739,元大MSCI A股,Contemporary Amperex Technology Co Ltd,2.28
00739,元大MSCI A股,China Merchants Bank Co Ltd,1.80
00739,元大MSCI A股,China Yangtze Power Co Ltd,1.66
00739,元大MSCI A股,Wuliangye Yibin Co Ltd,1.61
00739,元大MSCI A股,Ping An Insurance Group Co of China Ltd,1.19
00752,中信中國50,騰訊控股,21.00
00752,中信中國50,阿里巴巴,11.82
00752,中信中國50,拼多多公司,5.69
00752,中信中國50,美團-W,5.21
00752,中信中國50,建設銀行,4.77
00752,中信中國50,網易,3.32
00752,中信中國50,中國銀行,2.71
00752,中信中國50,工商銀行,2.70
00752,中信中國50,京東集團,2.67
00752,中信中國50,百度股份有限公司,2.44
00753L,中信中國50正2,中國信託MSCI中國外資自由投資50不含A及B股ETF基金,7.28
00757,統一FANG+,ALPHABET INC-CL A,10.07
00757,統一FANG+,BROADCOM LTD,9.82
00757,統一FANG+,TESLA INC,9.67
00757,統一FANG+,AMAZON.COM INC,9.53
00757,統一FANG+,MICROSOFT CORP,9.45
00757,統一FANG+,APPLE INC,9.34
00757,統一FANG+,NETFLIX INC,9.29
00757,統一FANG+,SNOWFLAKE INC-CLASS A,9.28
00757,統一FANG+,NVIDIA CORP,9.27
00757,統一FANG+,META PLATFORMS INC,9.14
00762,元大全球AI,ALPHABET INC-CL A,9.04
00762,元大全球AI,MICROSOFT CORP,8.28
00762,元大全球AI,NVIDIA CORP,7.85
00762,元大全球AI,META PLATFORMS INC-CLASS A,7.63
00762,元大全球AI,ORACLE CORP,4.97
00762,元大全球AI,SNOWFLAKE INC-CLASS A,4.34
00762,元大全球AI,INTEL CORP,4.33
00762,元大全球AI,DIGITAL REALTY TRUST INC,4.30
00762,元大全球AI,EQUINIX INC,4.12
00762,元大全球AI,MICROSTRATEGY INC-CL A,3.89
00770,國泰北美科技,MICROSOFT CORP,8.82
00770,國泰北美科技,APPLE INC,8.71
00770,國泰北美科技,NVIDIA CORP,8.37
00770,國泰北美科技,META PLATFORMS INC-CLASS A,8.13
00770,國泰北美科技,ALPHABET INC-CL A,5.23
00770,國泰北美科技,ALPHABET INC-CL C,4.42
00770,國泰北美科技,BROADCOM INC,4.28
00770,國泰北美科技,SALESFORCE INC,2.56
00770,國泰北美科技,ADVANCED MICRO DEVICES,2.56
00770,國泰北美科技,ADOBE INC,2.00
00771,元大US高息特別股,C 11.949,6.36
00771,元大US高息特別股,WFC 4 3/4 PERP,4.20
00771,元大US高息特別股,T 4 3/4 PERP,3.38
00771,元大US高息特別股,GS 6.23296 PERP,2.97
00771,元大US高息特別股,COF 5 PERP,2.95
00771,元大US高息特別股,ALL 5.1 PERP,2.48
00771,元大US高息特別股,T 5 PERP,2.46
00771,元大US高息特別股,WFC 4.7 PERP,2.42
00771,元大US高息特別股,DUK 5 3/4 PERP,2.39
00771,元大US高息特別股,WFC 4 1/4 PERP,2.34
00775B,新光投等債15+,ABIBB 4.9 02/01/46,2.62
00775B,新光投等債15+,ABIBB 5.55 01/23/49,1.77
00775B,新光投等債15+,JPM 3.328 04/22/52,1.51
00775B,新光投等債15+,CMCSA 2.887 11/01/51,1.43
00775B,新光投等債15+,MS 4.3 01/27/45,1.35
00775B,新光投等債15+,BAC 5 01/21/44,1.35
00775B,新光投等債15+,BAC 4.083 03/20/51,1.32
00775B,新光投等債15+,UNH 5.2 04/15/63,1.31
00775B,新光投等債15+,CMCSA 2.937 11/01/56,1.22
00775B,新光投等債15+,HSBC 6.332 03/09/44,1.20
00783,富邦中証500,成都新易盛通信技術股份有限公司,0.76
00783,富邦中証500,蘇州天孚光通信股份有限公司,0.66
00783,富邦中証500,滬電股份,0.65
00783,富邦中証500,賽輪輪胎,0.62
00783,富邦中証500,科倫藥業,0.60
00783,富邦中証500,西部礦業,0.59
00783,富邦中証500,思源電氣,0.59
00783,富邦中証500,光啟技術,0.58
00783,富邦中証500,銀泰資源,0.56
00783,富邦中証500,神火股份,0.54
00830,國泰費城半導體,NVIDIA CORP,11.70
00830,國泰費城半導體,ADVANCED MICRO DEVICES,9.03
00830,國泰費城半導體,BROADCOM INC,8.68
00830,國泰費城半導體,QUALCOMM INC,7.80
00830,國泰費城半導體,INTEL CORP,5.98
00830,國泰費城半導體,MICRON TECHNOLOGY INC,4.69
00830,國泰費城半導體,ASML HOLDING NV-NY REG SHS,4.30
00830,國泰費城半導體,TAIWAN SEMICONDUCTOR-SP ADR,4.23
00830,國泰費城半導體,APPLIED MATERIALS INC,4.17
00830,國泰費城半導體,LAM RESEARCH CORP,4.11
00850,元大臺灣ESG永續,台積電,33.72
00850,元大臺灣ESG永續,鴻海,6.09
00850,元大臺灣ESG永續,聯發科,6.05
00850,元大臺灣ESG永續,廣達,2.66
00850,元大臺灣ESG永續,台達電,2.51
00850,元大臺灣ESG永續,聯電,2.08
00850,元大臺灣ESG永續,中信金,2.05
00850,元大臺灣ESG永續,日月光投控,1.87
00850,元大臺灣ESG永續,富邦金,1.83
00850,元大臺灣ESG永續,中華電,1.63
00851,台新全球AI,微狄亞視訊,5.96
00851,台新全球AI,台積電,5.18
00851,台新全球AI,Alphabet公司,5.14
00851,台新全球AI,沃爾瑪公司,5.07
00851,台新全球AI,Microsoft Corp,4.98
00851,台新全球AI,超微半導體公司,4.97
00851,台新全球AI,Meta平台公司,4.91
00851,台新全球AI,艾司摩爾控股公司,4.88
00851,台新全球AI,蘋果公司,4.50
00851,台新全球AI,奧多比系統公司,4.42
00861,元大全球未來通訊,SAMSUNG ELECTRONICS CO LTD,8.61
00861,元大全球未來通訊,BROADCOM INC,7.92
00861,元大全球未來通訊,APPLE INC,7.86
00861,元大全球未來通訊,台積電,7.64
00861,元大全球未來通訊,CISCO SYSTEMS INC,6.62
00861,元大全球未來通訊,QUALCOMM INC,6.19
00861,元大全球未來通訊,APPLIED MATERIALS INC,5.60
00861,元大全球未來通訊,VERIZON COMMUNICATIONS INC,4.52
00861,元大全球未來通訊,LAM RESEARCH CORP,4.16
00861,元大全球未來通訊,TOKYO ELECTRON LTD,3.80
00865B,國泰US短期公債,US TREASURY N/B,3.17
00865B,國泰US短期公債,US TREASURY N/B,3.16
00865B,國泰US短期公債,US TREASURY N/B,3.08
00865B,國泰US短期公債,US TREASURY N/B,3.06
00865B,國泰US短期公債,US TREASURY N/B,3.03
00865B,國泰US短期公債,US TREASURY N/B,2.86
00865B,國泰US短期公債,US TREASURY N/B,2.73
00865B,國泰US短期公債,US TREASURY N/B,2.72
00865B,國泰US短期公債,US TREASURY N/B,2.67
00865B,國泰US短期公債,US TREASURY N/B,2.66
00875,國泰網路資安,DARKTRACE PLC,3.91
00875,國泰網路資安,GEN DIGITAL INC,3.34
00875,國泰網路資安,TREND MICRO INC,3.33
00875,國泰網路資安,Cisco Systems Inc,3.31
00875,國泰網路資安,CHECK POINT SOFTWARE TECH,3.28
00875,國泰網路資安,BROADCOM INC,3.27
00875,國泰網路資安,NETSCOUT SYSTEMS INC,3.23
00875,國泰網路資安,CYBERARK SOFTWARE LTD/ISRAEL,3.23
00875,國泰網路資安,MITEK SYSTEMS INC,3.20
00875,國泰網路資安,FORTINET INC,3.17
00876,元大全球5G,QUALCOMM INC,7.17
00876,元大全球5G,ASML HOLDING NV,6.76
00876,元大全球5G,台積電,6.49
00876,元大全球5G,LAM RESEARCH CORP,6.41
00876,元大全球5G,APPLIED MATERIALS INC,6.21
00876,元大全球5G,TOKYO ELECTRON LTD,5.91
00876,元大全球5G,SHIN-ETSU CHEMICAL CO LTD,5.62
00876,元大全球5G,聯發科,3.85
00876,元大全球5G,TE CONNECTIVITY LTD,2.90
00876,元大全球5G,INFINEON TECHNOLOGIES AG,2.86
00878,國泰永續高股息,華碩,4.93
00878,國泰永續高股息,聯發科,4.55
00878,國泰永續高股息,大聯大,4.47
00878,國泰永續高股息,廣達,4.28
00878,國泰永續高股息,英業達,4.27
00878,國泰永續高股息,緯創,4.24
00878,國泰永續高股息,仁寶,4.15
00878,國泰永續高股息,聯強,3.94
00878,國泰永續高股息,瑞昱,3.89
00878,國泰永續高股息,日月光投控,3.86
00881,國泰台灣5G+,台積電,32.91
00881,國泰台灣5G+,鴻海,12.36
00881,國泰台灣5G+,聯發科,12.27
00881,國泰台灣5G+,廣達,5.50
00881,國泰台灣5G+,台達電,4.90
00881,國泰台灣5G+,聯電,4.15
00881,國泰台灣5G+,緯創,2.33
00881,國泰台灣5G+,聯詠,2.33
00881,國泰台灣5G+,瑞昱,1.80
00881,國泰台灣5G+,智邦,1.72
00882,中信中國高股息,中國宏橋,5.37
00882,中信中國高股息,中國神華,4.62
00882,中信中國高股息,東岳集團,3.62
00882,中信中國高股息,中煤能源,3.33
00882,中信中國高股息,農業銀行,3.24
00882,中信中國高股息,光大環境,3.21
00882,中信中國高股息,東風集團股份,3.18
00882,中信中國高股息,中國銀行,3.12
00882,中信中國高股息,中信銀行,3.02
00882,中信中國高股息,交通銀行,2.94
00885,富邦越南,HOA PHAT GROUP JSC,9.77
00885,富邦越南,VINGROUP JSC,9.23
00885,富邦越南,VINHOMES JSC,8.83
00885,富邦越南,BANK FOR FOREIGN TRADE OF VIETNAM,8.52
00885,富邦越南,VIETNAM DAIRY PRODUCTS JSC,7.70
00885,富邦越南,MASAN GROUP CORP,7.49
00885,富邦越南,SSI SECURITIES CORP,7.10
00885,富邦越南,VINCOM RETAIL JSC,3.67
00885,富邦越南,DUC GIANG CHEMICALS JSC,3.62
00885,富邦越南,VNDIRECT SECURITIES CORP,3.13
00891,中信關鍵半導體,台積電,22.60
00891,中信關鍵半導體,聯發科,22.43
00891,中信關鍵半導體,聯電,8.30
00891,中信關鍵半導體,日月光投控,7.19
00891,中信關鍵半導體,聯詠,4.87
00891,中信關鍵半導體,瑞昱,3.76
00891,中信關鍵半導體,世芯-KY,3.39
00891,中信關鍵半導體,力旺,2.41
00891,中信關鍵半導體,大聯大,2.09
00891,中信關鍵半導體,力成,1.91
00892,富邦台灣半導體,台積電,28.35
00892,富邦台灣半導體,聯發科,6.98
00892,富邦台灣半導體,聯詠,6.64
00892,富邦台灣半導體,日月光投控,6.58
00892,富邦台灣半導體,瑞昱,6.42
00892,富邦台灣半導體,力旺,5.25
00892,富邦台灣半導體,聯電,5.19
00892,富邦台灣半導體,環球晶,3.76
00892,富邦台灣半導體,創意,3.30
00892,富邦台灣半導體,信驊,3.10
00893,國泰智能電動車,NVIDIA CORP,24.75
00893,國泰智能電動車,ADVANCED MICRO DEVICES,18.67
00893,國泰智能電動車,TESLA INC,9.39
00893,國泰智能電動車,EATON CORP PLC,8.74
00893,國泰智能電動車,ABB LTD-REG,5.18
00893,國泰智能電動車,NXP SEMICONDUCTORS NV,4.39
00893,國泰智能電動車,CONTEMPORARY AMPEREX TECHN-A,4.04
00893,國泰智能電動車,INFINEON TECHNOLOGIES AG,2.98
00893,國泰智能電動車,STMICROELECTRONICS NV,1.94
00893,國泰智能電動車,LI AUTO INC - ADR,1.85
00894,中信小資高價30,台積電,26.34
00894,中信小資高價30,聯發科,9.74
00894,中信小資高價30,台達電,5.19
00894,中信小資高價30,聯詠,4.09
00894,中信小資高價30,瑞昱,3.66
00894,中信小資高價30,奇鋐,3.34
00894,中信小資高價30,華城,3.29
00894,中信小資高價30,國巨,3.04
00894,中信小資高價30,智邦,2.99
00894,中信小資高價30,鈊象,2.85
00895,富邦未來車,NVIDIA CORP,28.21
00895,富邦未來車,台積電,12.87
00895,富邦未來車,Tesla Inc,10.57
00895,富邦未來車,ADVANCED MICRO DEVICES,6.42
00895,富邦未來車,Toyota Motor Corp,6.15
00895,富邦未來車,Texas Instruments Inc,3.48
00895,富邦未來車,UBER TECHNOLOGIES INC,3.22
00895,富邦未來車,EATON CORP PLC,3.02
00895,富邦未來車,Hitachi Ltd,2.05
00895,富邦未來車,CANADIAN PACIFIC KANSAS CITY L,1.98
00896,中信綠能及電動車,台積電,12.86
00896,中信綠能及電動車,鴻海,7.96
00896,中信綠能及電動車,台達電,4.04
00896,中信綠能及電動車,聯發科,3.95
00896,中信綠能及電動車,緯創,3.41
00896,中信綠能及電動車,中華電,3.41
00896,中信綠能及電動車,台塑,2.65
00896,中信綠能及電動車,華城,2.57
00896,中信綠能及電動車,和泰車,2.52
00896,中信綠能及電動車,中租-KY,2.39
00897,富邦基因免疫生技,SAREPTA THERAPEUTICS INC,5.34
00897,富邦基因免疫生技,MODERNA INC,4.65
00897,富邦基因免疫生技,REVOLUTION MEDICINES INC,4.58
00897,富邦基因免疫生技,MERCK & CO INC,4.44
00897,富邦基因免疫生技,GSK PLC,4.14
00897,富邦基因免疫生技,REGENERON PHARMACEUTICALS INC,4.11
00897,富邦基因免疫生技,EXELIXIS INC,3.77
00897,富邦基因免疫生技,SANOFI,3.69
00897,富邦基因免疫生技,INCYTE CORP,3.67
00897,富邦基因免疫生技,IOVANCE BIOTHERAPEUTICS INC,3.53
00898,國泰基因免疫革命,ILLUMINA INC,3.35
00898,國泰基因免疫革命,BEAM THERAPEUTICS INC,3.24
00898,國泰基因免疫革命,LONZA GROUP AG-REG,3.21
00898,國泰基因免疫革命,MODERNA INC,3.18
00898,國泰基因免疫革命,THERMO FISHER SCIENTIFIC INC,3.03
00898,國泰基因免疫革命,CRISPR THERAPEUTICS AG,3.03
00898,國泰基因免疫革命,TWIST BIOSCIENCE CORP,2.98
00898,國泰基因免疫革命,VERTEX PHARMACEUTICALS INC,2.92
00898,國泰基因免疫革命,ABBVIE INC,2.87
00898,國泰基因免疫革命,SAREPTA THERAPEUTICS INC,2.81
00899,FT潔淨能源,NEXTRACKER INC-CL A,6.44
00899,FT潔淨能源,MERIDIAN ENERGY LTD,4.86
00899,FT潔淨能源,FIRST SOLAR INC,4.83
00899,FT潔淨能源,ENPHASE ENERGY INC,4.83
00899,FT潔淨能源,CHUBU ELECTRIC POWER CO INC,4.66
00899,FT潔淨能源,ORMAT TECHNOLOGIES INC,4.43
00899,FT潔淨能源,VESTAS WIND SYSTEMS A/S,4.42
00899,FT潔淨能源,SOLAREDGE TECHNOLOGIES INC,4.16
00899,FT潔淨能源,BROOKFIELD RENEWABLE COR-A,3.89
00899,FT潔淨能源,SUNRUN INC,3.87
00900,富邦特選高股息30,長榮,6.16
00900,富邦特選高股息30,漢唐,5.96
00900,富邦特選高股息30,鴻海,5.93
00900,富邦特選高股息30,鈊象,5.91
00900,富邦特選高股息30,潤隆,5.12
00900,富邦特選高股息30,聯發科,5.08
00900,富邦特選高股息30,台積電,5.01
00900,富邦特選高股息30,中信金,4.85
00900,富邦特選高股息30,聯詠,4.75
00900,富邦特選高股息30,中美晶,4.71
00901,永豐智能車供應鏈,台積電,32.13
00901,永豐智能車供應鏈,鴻海,9.85
00901,永豐智能車供應鏈,聯發科,9.62
00901,永豐智能車供應鏈,台達電,4.30
00901,永豐智能車供應鏈,廣達,3.84
00901,永豐智能車供應鏈,聯電,3.24
00901,永豐智能車供應鏈,日月光投控,2.90
00901,永豐智能車供應鏈,聯詠,1.99
00901,永豐智能車供應鏈,緯創,1.79
00901,永豐智能車供應鏈,華碩,1.73
00902,中信電池及儲能,Vertiv Holdings Co,11.90
00902,中信電池及儲能,寧德時代,11.08
00902,中信電池及儲能,TDK公司,7.74
00902,中信電池及儲能,三星電管,7.71
00902,中信電池及儲能,雅保公司,6.26
00902,中信電池及儲能,LG化學有限公司,6.20
00902,中信電池及儲能,LG Energy Solution Ltd,4.83
00902,中信電池及儲能,陽光電源,4.26
00902,中信電池及儲能,EcoPro BM有限公司,3.82
00902,中信電池及儲能,Ecopro有限公司,3.68
00903,富邦元宇宙,NVIDIA CORP,14.17
00903,富邦元宇宙,META PLATFORMS INC,11.56
00903,富邦元宇宙,Amazon.com Inc,8.44
00903,富邦元宇宙,APPLE INC,7.01
00903,富邦元宇宙,ADVANCED MICRO DEVICES,6.06
00903,富邦元宇宙,Alphabet Inc-CL A,6.02
00903,富邦元宇宙,Microsoft Corp,5.60
00903,富邦元宇宙,CEVA INC,3.73
00903,富邦元宇宙,HIMAX TECHNOLOGIES INC,3.39
00903,富邦元宇宙,ROBLOX CORP,3.14
00904,新光臺灣半導體30,台積電,31.90
00904,新光臺灣半導體30,聯發科,16.50
00904,新光臺灣半導體30,聯電,5.59
00904,新光臺灣半導體30,日月光投控,4.74
00904,新光臺灣半導體30,聯詠,3.18
00904,新光臺灣半導體30,瑞昱,3.11
00904,新光臺灣半導體30,世芯-KY,2.59
00904,新光臺灣半導體30,力旺,2.54
00904,新光臺灣半導體30,力成,2.24
00904,新光臺灣半導體30,環球晶,1.94
00905,FT臺灣Smart,台積電,31.45
00905,FT臺灣Smart,鴻海,5.37
00905,FT臺灣Smart,聯發科,4.73
00905,FT臺灣Smart,廣達,3.79
00905,FT臺灣Smart,中華電,3.14
00905,FT臺灣Smart,台達電,3.07
00905,FT臺灣Smart,日月光投控,2.98
00905,FT臺灣Smart,富邦金,2.87
00905,FT臺灣Smart,國泰金,2.62
00905,FT臺灣Smart,聯電,2.58
00907,永豐優息存股,長榮,10.35
00907,永豐優息存股,萬海,6.10
00907,永豐優息存股,中信金,4.94
00907,永豐優息存股,大成鋼,4.67
00907,永豐優息存股,永豐金,4.38
00907,永豐優息存股,寶成,4.23
00907,永豐優息存股,統一,4.07
00907,永豐優息存股,儒鴻,4.01
00907,永豐優息存股,上海商銀,3.91
00907,永豐優息存股,元大金,3.86
00908,富邦入息REITs+,HIGHWOODS PROPERTIES INC,4.63
00908,富邦入息REITs+,GLOBAL NET LEASE INC,4.48
00908,富邦入息REITs+,浙江滬杭甬,4.36
00908,富邦入息REITs+,OMEGA HEALTHCARE INVESTORS INC,4.21
00908,富邦入息REITs+,招商局港口,4.07
00908,富邦入息REITs+,SABRA HEALTH CARE REIT INC,4.06
00908,富邦入息REITs+,ASSURA PLC,3.87
00908,富邦入息REITs+,PRIMARY HEALTH PROPERTIES,3.81
00908,富邦入息REITs+,BRITISH LAND CO PLC,3.75
00908,富邦入息REITs+,COVIVIO,3.67
00909,國泰數位支付服務,MICROSTRATEGY INC-CL A,12.71
00909,國泰數位支付服務,COINBASE GLOBAL INC -CLASS A,7.34
00909,國泰數位支付服務,ROBINHOOD MARKETS INC - A,7.01
00909,國泰數位支付服務,NVIDIA CORP,5.97
00909,國泰數位支付服務,BLOCK INC,4.91
00909,國泰數位支付服務,MARATHON DIGITAL HOLDINGS IN,4.51
00909,國泰數位支付服務,FISERV INC,4.31
00909,國泰數位支付服務,MASTERCARD INC - A,4.18
00909,國泰數位支付服務,ADVANCED MICRO DEVICES,4.18
00909,國泰數位支付服務,EURONET WORLDWIDE INC,4.16
00910,第一金太空衛星,EUTELSAT COMMUNICATI,3.59
00910,第一金太空衛星,PLANET LABS PBC,3.56
00910,第一金太空衛星,MITSUBISHI HEAVY IND,3.50
00910,第一金太空衛星,SKY PERFECT JSAT HOL,3.50
00910,第一金太空衛星,TRIMAS CORP,3.48
00910,第一金太空衛星,AIRBUS SE,3.41
00910,第一金太空衛星,CRANE CO,3.40
00910,第一金太空衛星,ECHOSTAR CORP,3.32
00910,第一金太空衛星,GARMIN LTD,3.31
00910,第一金太空衛星,AMPHENOL CORP-CL A,3.23
00911,兆豐洲際半導體,NVIDIA CORP,8.70
00911,兆豐洲際半導體,BROADCOM INC,7.77
00911,兆豐洲際半導體,ADVANCED MICRO DEVIC,7.14
00911,兆豐洲際半導體,QUALCOMM INC,6.38
00911,兆豐洲際半導體,INTEL CORP,6.10
00911,兆豐洲際半導體,MICRON TECHNOLOGY,4.96
00911,兆豐洲際半導體,MICROCHIP TECH,4.06
00911,兆豐洲際半導體,TEXAS INSTRUMENTS IN,3.97
00911,兆豐洲際半導體,LAM RESEARCH CORP,3.95
00911,兆豐洲際半導體,ANALOG DEVICES INC,3.93
00912,中信臺灣智慧50,台積電,28.34
00912,中信臺灣智慧50,聯詠,4.32
00912,中信臺灣智慧50,聯發科,4.20
00912,中信臺灣智慧50,永豐金,3.78
00912,中信臺灣智慧50,亞德客-KY,3.78
00912,中信臺灣智慧50,世芯-KY,3.12
00912,中信臺灣智慧50,上海商銀,2.95
00912,中信臺灣智慧50,元大金,2.75
00912,中信臺灣智慧50,中信金,2.45
00912,中信臺灣智慧50,遠傳,2.41
00913,兆豐台灣晶圓製造,台積電,27.73
00913,兆豐台灣晶圓製造,聯發科,12.97
00913,兆豐台灣晶圓製造,聯電,9.45
00913,兆豐台灣晶圓製造,日月光投控,9.07
00913,兆豐台灣晶圓製造,瑞昱,8.70
00913,兆豐台灣晶圓製造,中美晶,3.71
00913,兆豐台灣晶圓製造,華邦電,3.60
00913,兆豐台灣晶圓製造,穩懋,3.57
00913,兆豐台灣晶圓製造,環球晶,3.50
00913,兆豐台灣晶圓製造,南亞科,3.08
00915,凱基優選高股息30,鴻海,9.72
00915,凱基優選高股息30,中信金,8.06
00915,凱基優選高股息30,新普,7.18
00915,凱基優選高股息30,聯電,7.12
00915,凱基優選高股息30,統一,7.09
00915,凱基優選高股息30,瑞儀,7.01
00915,凱基優選高股息30,日月光投控,6.73
00915,凱基優選高股息30,鈊象,6.02
00915,凱基優選高股息30,聯強,5.44
00915,凱基優選高股息30,臻鼎-KY,4.03
00916,國泰全球品牌50,MICROSOFT CORP,16.20
00916,國泰全球品牌50,APPLE INC,12.10
00916,國泰全球品牌50,AMAZON.COM INC,8.75
00916,國泰全球品牌50,META PLATFORMS INC-CLASS A,5.80
00916,國泰全球品牌50,ALPHABET INC-CL A,4.81
00916,國泰全球品牌50,JPMORGAN CHASE & CO,3.11
00916,國泰全球品牌50,TESLA INC,2.62
00916,國泰全球品牌50,VISA INC-CLASS A SHARES,2.41
00916,國泰全球品牌50,MASTERCARD INC - A,2.17
00916,國泰全球品牌50,PROCTER & GAMBLE CO/THE,2.06
00917,中信特選金融,摩根大通銀行,10.55
00917,中信特選金融,美國銀行,9.06
00917,中信特選金融,富國銀行,6.32
00917,中信特選金融,標準普爾全球公司,5.41
00917,中信特選金融,貝萊德公司,4.86
00917,中信特選金融,摩根士丹利,4.76
00917,中信特選金融,匯豐控股,4.51
00917,中信特選金融,高盛集團,4.02
00917,中信特選金融,黑石公司,3.72
00917,中信特選金融,花旗集團,3.64
00918,大華優利高填息30,長榮,9.34
00918,大華優利高填息30,鴻海,8.10
00918,大華優利高填息30,聯電,6.77
00918,大華優利高填息30,聯詠,6.40
00918,大華優利高填息30,廣達,6.31
00918,大華優利高填息30,中信金,5.52
00918,大華優利高填息30,中美晶,5.21
00918,大華優利高填息30,和碩,4.91
00918,大華優利高填息30,可成,4.68
00918,大華優利高填息30,瑞儀,4.35
00919,群益台灣精選高息,長榮,11.82
00919,群益台灣精選高息,瑞昱,9.56
00919,群益台灣精選高息,聯電,8.40
00919,群益台灣精選高息,聯詠,7.27
00919,群益台灣精選高息,聯發科,5.78
00919,群益台灣精選高息,力成,5.01
00919,群益台灣精選高息,鈊象,4.97
00919,群益台灣精選高息,中美晶,4.85
00919,群益台灣精選高息,健鼎,3.78
00919,群益台灣精選高息,漢唐,3.49
00920,富邦ESG綠色電力,VESTAS WIND SYSTEM,10.51
00920,富邦ESG綠色電力,台達電,8.09
00920,富邦ESG綠色電力,SAMSUNG SDI CO LTD,7.55
00920,富邦ESG綠色電力,TDK Corp,7.46
00920,富邦ESG綠色電力,FIRST SOLAR INC,6.66
00920,富邦ESG綠色電力,Iberdrola SA,6.56
00920,富邦ESG綠色電力,TERNA SPA,5.35
00920,富邦ESG綠色電力,ENPHASE ENERGY INC,5.23
00920,富邦ESG綠色電力,RWE AG,4.46
00920,富邦ESG綠色電力,ORSTED A/S,4.15
00921,兆豐龍頭等權重,廣達,4.00
00921,兆豐龍頭等權重,台積電,3.75
00921,兆豐龍頭等權重,上緯投控,3.65
00921,兆豐龍頭等權重,大亞,3.49
00921,兆豐龍頭等權重,瑞儀,3.47
00921,兆豐龍頭等權重,成霖,3.41
00921,兆豐龍頭等權重,聯詠,3.28
00921,兆豐龍頭等權重,中信金,3.25
00921,兆豐龍頭等權重,材料-KY,3.20
00921,兆豐龍頭等權重,聯強,3.18
00922,國泰台灣領袖50,台積電,33.40
00922,國泰台灣領袖50,鴻海,5.88
00922,國泰台灣領袖50,聯發科,5.86
00922,國泰台灣領袖50,台達電,3.47
00922,國泰台灣領袖50,廣達,3.01
00922,國泰台灣領袖50,中信金,2.09
00922,國泰台灣領袖50,日月光投控,2.03
00922,國泰台灣領袖50,富邦金,2.02
00922,國泰台灣領袖50,聯電,1.74
00922,國泰台灣領袖50,兆豐金,1.67
00923,群益台ESG低碳50,台積電,33.48
00923,群益台ESG低碳50,聯發科,8.36
00923,群益台ESG低碳50,鴻海,5.09
00923,群益台ESG低碳50,日月光投控,4.43
00923,群益台ESG低碳50,聯電,3.98
00923,群益台ESG低碳50,聯詠,3.91
00923,群益台ESG低碳50,瑞昱,3.89
00923,群益台ESG低碳50,廣達,2.22
00923,群益台ESG低碳50,創意,2.10
00923,群益台ESG低碳50,台達電,2.07
00924,復華S&P500成長,MICROSOFT CORP-USA,11.80
00924,復華S&P500成長,APPLE INC-USA,9.98
00924,復華S&P500成長,NVIDIA CORP-USA,8.49
00924,復華S&P500成長,AMAZON.COM INC-USA,7.13
00924,復華S&P500成長,META PLATFORMS INC-CLASS A-USA,4.06
00924,復華S&P500成長,ALPHABET INC-CL A-USA,3.38
00924,復華S&P500成長,ALPHABET INC-CL C-USA,3.29
00924,復華S&P500成長,ELI LILLY & CO-USA,2.81
00924,復華S&P500成長,BROADCOM INC-USA,2.36
00924,復華S&P500成長,TESLA INC-USA,2.13
00925,新光標普電動車,通用汽車公司,12.89
00925,新光標普電動車,福特汽車公司,10.29
00925,新光標普電動車,本田汽車,8.93
00925,新光標普電動車,特斯拉公司,6.28
00925,新光標普電動車,康明斯公司,5.34
00925,新光標普電動車,豐田汽車公司,5.21
00925,新光標普電動車,Texas Instruments In,4.75
00925,新光標普電動車,ON SEMICONDUCTOR,4.49
00925,新光標普電動車,博格華納,4.01
00925,新光標普電動車,PACCAR Inc,3.96
00926,凱基全球菁英55,微狄亞視訊,17.81
00926,凱基全球菁英55,MICROSOFT,14.27
00926,凱基全球菁英55,博通有限公司,9.11
00926,凱基全球菁英55,Visa Inc,6.57
00926,凱基全球菁英55,Alphabet INC-CL A,6.18
00926,凱基全球菁英55,Mastercard Inc,5.97
00926,凱基全球菁英55,Meta Platforms Inc,4.08
00926,凱基全球菁英55,禮來,2.50
00926,凱基全球菁英55,諾和諾德公司,1.64
00926,凱基全球菁英55,康菲石油,1.46
00927,群益半導體收益,台積電,16.50
00927,群益半導體收益,聯發科,15.62
00927,群益半導體收益,日月光投控,7.87
00927,群益半導體收益,聯電,7.64
00927,群益半導體收益,聯詠,5.66
00927,群益半導體收益,瑞昱,4.61
00927,群益半導體收益,力成,4.16
00927,群益半導體收益,中美晶,3.53
00927,群益半導體收益,世界,3.11
00927,群益半導體收益,環球晶,3.08
00929,復華台灣科技優息,聯發科,7.90
00929,復華台灣科技優息,聯詠,5.29
00929,復華台灣科技優息,瑞昱,4.73
00929,復華台灣科技優息,群光,4.60
00929,復華台灣科技優息,日月光投控,4.53
00929,復華台灣科技優息,大聯大,4.39
00929,復華台灣科技優息,力成,4.15
00929,復華台灣科技優息,聯強,3.59
00929,復華台灣科技優息,京元電子,3.52
00929,復華台灣科技優息,聯電,3.49
00930,永豐ESG低碳高息,聯發科,6.58
00930,永豐ESG低碳高息,群光,6.39
00930,永豐ESG低碳高息,大聯大,5.08
00930,永豐ESG低碳高息,力成,4.78
00930,永豐ESG低碳高息,聚陽,4.75
00930,永豐ESG低碳高息,京元電子,4.44
00930,永豐ESG低碳高息,瑞儀,4.15
00930,永豐ESG低碳高息,聯詠,4.15
00930,永豐ESG低碳高息,瑞昱,4.15
00930,永豐ESG低碳高息,日月光投控,4.02
00932,兆豐永續高息等權,力成,3.14
00932,兆豐永續高息等權,群光,2.98
00932,兆豐永續高息等權,長榮鋼,2.91
00932,兆豐永續高息等權,神基,2.59
00932,兆豐永續高息等權,聯發科,2.40
00932,兆豐永續高息等權,達方,2.33
00932,兆豐永續高息等權,聯詠,2.29
00932,兆豐永續高息等權,鴻海,2.29
00932,兆豐永續高息等權,瑞儀,2.26
00932,兆豐永續高息等權,日月光投控,2.26
00934,中信成長高股息,聯發科,8.86
00934,中信成長高股息,日月光投控,7.13
00934,中信成長高股息,聯詠,7.02
00934,中信成長高股息,聯電,5.99
00934,中信成長高股息,瑞昱,5.79
00934,中信成長高股息,鈊象,4.18
00934,中信成長高股息,大聯大,3.59
00934,中信成長高股息,華碩,3.47
00934,中信成長高股息,欣興,3.45
00934,中信成長高股息,群光,3.10
00935,野村臺灣新科技50,台積電,32.73
00935,野村臺灣新科技50,聯發科,15.26
00935,野村臺灣新科技50,台達電,6.09
00935,野村臺灣新科技50,聯電,5.16
00935,野村臺灣新科技50,日月光投控,4.37
00935,野村臺灣新科技50,聯詠,2.90
00935,野村臺灣新科技50,瑞昱,2.25
00935,野村臺灣新科技50,智邦,2.14
00935,野村臺灣新科技50,欣興,2.08
00935,野村臺灣新科技50,國巨,1.93
00936,台新永續高息中小,瑞儀,5.78
00936,台新永續高息中小,神基,5.42
00936,台新永續高息中小,力成,5.27
00936,台新永續高息中小,致伸,5.23
00936,台新永續高息中小,中美晶,5.18
00936,台新永續高息中小,群光,4.95
00936,台新永續高息中小,頎邦,4.47
00936,台新永續高息中小,長榮航,4.45
00936,台新永續高息中小,長榮鋼,4.39
00936,台新永續高息中小,聚陽,4.30
00939,統一台灣高息動能,群光,7.22
00939,統一台灣高息動能,東陽,3.58
00939,統一台灣高息動能,瑞昱,3.39
00939,統一台灣高息動能,台光電,3.03
00939,統一台灣高息動能,英業達,2.45
00939,統一台灣高息動能,聯強,2.16
00939,統一台灣高息動能,川湖,1.76
00939,統一台灣高息動能,鴻海,1.74
00939,統一台灣高息動能,聯電,1.20
00939,統一台灣高息動能,佳世達,0.68
00940,元大台灣價值高息,長榮,9.32
00940,元大台灣價值高息,鈊象,3.51
00940,元大台灣價值高息,中美晶,3.14
00940,元大台灣價值高息,聯電,3.14
00940,元大台灣價值高息,和碩,2.99
00940,元大台灣價值高息,聯發科,2.96
00940,元大台灣價值高息,環球晶,2.90
00940,元大台灣價值高息,漢唐,2.90
00940,元大台灣價值高息,日月光投控,2.71
00940,元大台灣價值高息,聯詠,2.65
00941,中信上游半導體,信越化學工業有限公司,2.45
00941,中信上游半導體,旭化成,0.49
00941,中信上游半導體,Ecopro有限公司,0.46
00941,中信上游半導體,日酸控股公司,0.30
00941,中信上游半導體,日產化學公司,0.26
00941,中信上游半導體,HanmiSemiconductorCoLtd,0.08
00941,中信上游半導體,韓松化學有限公司,0.07
00941,中信上游半導體,健策精密工業,0.06
00941,中信上游半導體,SoulbrainCoLtd,0.05
00941,中信上游半導體,東進世美肯股份有限公司,0.05
